Job_20250821_1307_Track01_Sphere_00001.jpg;400023.222017;390150.514;5819565.403;35.865;-165.7824664474;93.4539676921;-136.9044486158;-0.0562249261;0.0858748768;0.9947181828;0.9976281966;0.0444558353;0.0525514997;-0.0397081741;0.9953136110;-0.0881707246
Job_20250821_1307_Track01_Sphere_00002.jpg;400023.652518;390147.603;5819565.072;35.863;-139.2471280260;89.6308613310;-163.9310347868;-0.1368210225;0.0870373167;0.9867646697;0.9896426291;0.0556979220;0.1323072489;-0.0434450736;0.9946467951;-0.0937564856
Job_20250821_1307_Track01_Sphere_00003.jpg;400024.071950;390144.692;5819564.516;35.873;-127.6811960581;85.7871926341;-175.8919535019;-0.2057178705;0.0818536124;0.9751821081;0.9775114853;0.0644188890;0.2008021484;-0.0463837667;0.9945603013;-0.0932649629
Job_20250821_1307_Track01_Sphere_00004.jpg;400024.462572;390141.887;5819563.790;35.885;-124.2182287094;83.7442403957;-178.9547384591;-0.2389031759;0.0819846481;0.9675762451;0.9702825309;0.0595922445;0.2345220132;-0.0384328354;0.9948503816;-0.0937850483
Job_20250821_1307_Track01_Sphere_00005.jpg;400024.850952;390139.076;5819563.014;35.893;-123.8897040360;83.3130022829;-179.4584421493;-0.2457548196;0.0821683319;0.9658431207;0.9684773877;0.0626456309;0.2410955710;-0.0406954308;0.9946476211;-0.0949736371
Job_20250821_1307_Track01_Sphere_00006.jpg;400025.228747;390136.234;5819562.220;35.908;-121.7061630482;83.1234583999;-181.9833709140;-0.2515797720;0.0731619474;0.9650673281;0.9667089316;0.0671157580;0.2469196563;-0.0467061024;0.9950591965;-0.0876112751
Job_20250821_1307_Track01_Sphere_00007.jpg;400025.595734;390133.416;5819561.416;35.907;-125.1297495617;82.9426116073;-178.6584971818;-0.2500053369;0.0870970439;0.9643191570;0.9671266191;0.0703063697;0.2443831356;-0.0465127305;0.9937158142;-0.1018108372
Job_20250821_1307_Track01_Sphere_00008.jpg;400025.949761;390130.616;5819560.618;35.932;-124.0358682113;83.0967806227;-179.6490493189;-0.2491125110;0.0824625707;0.9649574505;0.9674010773;0.0680869276;0.2439248366;-0.0455863190;0.9942656057;-0.0967356852
Job_20250821_1307_Track01_Sphere_00009.jpg;400026.295203;390127.788;5819559.815;35.957;-125.0860245378;82.8975271857;-178.7926750031;-0.2508336625;0.0867932140;0.9641314287;0.9668456342;0.0717188054;0.2450835216;-0.0478747677;0.9936414600;-0.1019051307
Job_20250821_1307_Track01_Sphere_00010.jpg;400026.636258;390124.957;5819558.990;35.995;-124.3028908102;82.7556674343;-179.1410858259;-0.2533383899;0.0861103380;0.9635375809;0.9664995469;0.0649611071;0.2483116599;-0.0412102670;0.9941655115;-0.0996827450
Job_20250821_1307_Track01_Sphere_00011.jpg;400026.970307;390122.163;5819558.170;36.028;-120.6348169804;82.8480481548;-182.5896334444;-0.2562825650;0.0718897767;0.9639248450;0.9657918096;0.0598638994;0.2523142765;-0.0395654829;0.9956144703;-0.0847726312
Job_20250821_1307_Track01_Sphere_00012.jpg;400027.309207;390119.314;5819557.332;36.029;-123.0978643874;82.7272901583;-180.1364566915;-0.2550624599;0.0822708031;0.9634182148;0.9661607328;0.0612814732;0.2505554218;-0.0384262917;0.9947241306;-0.0951174227
Job_20250821_1307_Track01_Sphere_00013.jpg;400027.642583;390116.497;5819556.517;36.051;-123.1962761860;82.9224125623;-180.1333443414;-0.2522470084;0.0813762900;0.9642351094;0.9668296481;0.0625375202;0.2476479156;-0.0401482040;0.9947195374;-0.0944519122
Job_20250821_1307_Track01_Sphere_00014.jpg;400027.975749;390113.671;5819555.710;36.068;-121.7644555644;83.2140559023;-181.7654421739;-0.2500101586;0.0736346342;0.9654392064;0.9672290489;0.0646183786;0.2455451733;-0.0443044871;0.9951896331;-0.0873768083
Job_20250821_1307_Track01_Sphere_00015.jpg;400028.311238;390110.820;5819554.900;36.069;-123.3621965047;82.7161817678;-180.7138229132;-0.2559585422;0.0800043777;0.9633714363;0.9653182304;0.0741821907;0.2503152345;-0.0514386890;0.9940303326;-0.0962172496
Job_20250821_1307_Track01_Sphere_00016.jpg;400028.645865;390108.005;5819554.062;36.105;-122.6060052674;82.4829408229;-181.1795719822;-0.2599116936;0.0791574499;0.9623824654;0.9644919311;0.0697045526;0.2547480918;-0.0469172299;0.9944221304;-0.0944637500
Job_20250821_1307_Track01_Sphere_00017.jpg;400028.981105;390105.205;5819553.219;36.132;-122.5057748389;82.2234195122;-181.3268891752;-0.2638476429;0.0796894433;0.9612668797;0.9634024457;0.0706733036;0.2585749634;-0.0473302111;0.9943112575;-0.0954199891
Job_20250821_1307_Track01_Sphere_00018.jpg;400029.311879;390102.397;5819552.370;36.159;-122.2140723696;82.3045789612;-181.4139969324;-0.2627826047;0.0789755723;0.9616174716;0.9638333554;0.0673401963;0.2578576372;-0.0443910549;0.9945994957;-0.0938151230
Job_20250821_1307_Track01_Sphere_00019.jpg;400029.639502;390099.599;5819551.527;36.183;-122.7913427882;82.3285661470;-180.8649057469;-0.2617455642;0.0811318546;0.9617207920;0.9641063773;0.0680153394;0.2566569830;-0.0445887090;0.9943799756;-0.0960224518
Job_20250821_1307_Track01_Sphere_00020.jpg;400029.960624;390096.833;5819550.693;36.205;-123.1153277443;82.3843768539;-180.4722294046;-0.2604362950;0.0824901724;0.9619606581;0.9645131346;0.0670606489;0.2553767462;-0.0434436342;0.9943330633;-0.0970278817
Job_20250821_1307_Track01_Sphere_00021.jpg;400030.276602;390094.033;5819549.861;36.228;-123.2769170256;82.4190428918;-180.4081160630;-0.2598538403;0.0825937290;0.9621092753;0.9646016185;0.0685709698;0.2546404126;-0.0449410648;0.9942214532;-0.0974884745
Job_20250821_1307_Track01_Sphere_00022.jpg;400030.589823;390091.221;5819549.019;36.248;-124.0706587728;82.2973497144;-179.4974820470;-0.2603899537;0.0868841061;0.9615863061;0.9645647194;0.0673185884;0.2551139151;-0.0425672883;0.9939413261;-0.1013344275
Job_20250821_1307_Track01_Sphere_00023.jpg;400030.896141;390088.441;5819548.181;36.282;-123.3448246682;82.2847922757;-180.0898264567;-0.2613675546;0.0845159319;0.9615321413;0.9643765807;0.0649739128;0.2564297200;-0.0408021087;0.9943014874;-0.0984872581
Job_20250821_1307_Track01_Sphere_00024.jpg;400031.202400;390085.597;5819547.329;36.308;-122.1885511502;82.3081974047;-181.2866220239;-0.2625717517;0.0794853533;0.9616330661;0.9639971091;0.0650086167;0.2578438548;-0.0420196255;0.9947140083;-0.0936930772
Job_20250821_1307_Track01_Sphere_00025.jpg;400031.496622;390082.833;5819546.497;36.326;-122.5431835690;82.2263560412;-180.9725825961;-0.2633576778;0.0811435722;0.9612795921;0.9637675201;0.0658913789;0.2584772591;-0.0423662697;0.9945220193;-0.0955565399
Job_20250821_1307_Track01_Sphere_00026.jpg;400031.792699;390080.051;5819545.655;36.349;-121.5448135277;82.3258463560;-182.0173428001;-0.2632107412;0.0763920393;0.9617090839;0.9637473744;0.0659924597;0.2585265819;-0.0437161752;0.9948915778;-0.0909925516
Job_20250821_1307_Track01_Sphere_00027.jpg;400032.096014;390077.187;5819544.785;36.366;-122.8010090567;82.2909545877;-180.7530463474;-0.2621449747;0.0817607985;0.9615587263;0.9640729838;0.0665174073;0.2571744865;-0.0429336021;0.9944297896;-0.0962605810
Job_20250821_1307_Track01_Sphere_00028.jpg;400032.381711;390074.448;5819543.965;36.391;-123.0552250714;82.4707923304;-180.4442539285;-0.2591551286;0.0822097029;0.9623306002;0.9649124356;0.0655934062;0.2542469208;-0.0422209782;0.9944541567;-0.0963240322
Job_20250821_1307_Track01_Sphere_00029.jpg;400032.671595;390071.657;5819543.131;36.420;-121.6163260355;82.6419169475;-181.7208901261;-0.2582696888;0.0762637474;0.9630579467;0.9652195003;0.0622614781;0.2539189331;-0.0405966019;0.9951418739;-0.0896915087
Job_20250821_1307_Track01_Sphere_00030.jpg;400032.965651;390068.849;5819542.285;36.431;-120.4428798821;82.9538866542;-182.4158270755;-0.2545431986;0.0721520652;0.9643660298;0.9664611138;0.0541104734;0.2510477488;-0.0340686888;0.9959247643;-0.0835056183
Job_20250821_1307_Track01_Sphere_00031.jpg;400033.274684;390065.914;5819541.428;36.432;-121.5878445136;82.8562428532;-181.7114891067;-0.2551475822;0.0753827940;0.9639590996;0.9660616932;0.0614329278;0.2508999808;-0.0403052882;0.9952604834;-0.0884988926
Job_20250821_1307_Track01_Sphere_00032.jpg;400033.559282;390063.230;5819540.637;36.446;-120.7754981725;83.0252975704;-182.2501232929;-0.2533144002;0.0725166023;0.9646621984;0.9666907375;0.0567206945;0.2495832144;-0.0366173832;0.9957530342;-0.0844692964
Job_20250821_1307_Track01_Sphere_00033.jpg;400033.861909;390060.422;5819539.814;36.442;-119.3467379627;83.1915850609;-183.7206457209;-0.2524830640;0.0660089280;0.9653471520;0.9668496804;0.0565270853;0.2490108113;-0.0381313241;0.9962165980;-0.0780928426
Job_20250821_1307_Track01_Sphere_00034.jpg;400034.167471;390057.612;5819538.994;36.424;-119.7113382715;83.1308527577;-183.4456843824;-0.2530854593;0.0673355556;0.9650977532;0.9666456555;0.0581172025;0.2494364998;-0.0392928363;0.9960363014;-0.0797982412
Job_20250821_1307_Track01_Sphere_00035.jpg;400034.471652;390054.820;5819538.177;36.412;-119.8346738256;83.0297962089;-183.3496018982;-0.2544631138;0.0681134949;0.9646808154;0.9662738747;0.0586905118;0.2507393526;-0.0395388771;0.9959497857;-0.0807508610
Job_20250821_1307_Track01_Sphere_00036.jpg;400034.778073;390052.046;5819537.353;36.402;-120.1464689066;82.8880252332;-182.9357222087;-0.2560858538;0.0703351527;0.9640918015;0.9659217096;0.0574339582;0.2523818365;-0.0376202932;0.9958686192;-0.0826462752
Job_20250821_1307_Track01_Sphere_00037.jpg;400035.092270;390049.191;5819536.504;36.393;-119.9080103760;82.7509027966;-183.3124614300;-0.2585026377;0.0693564173;0.9635175523;0.9651933928;0.0595608899;0.2546649072;-0.0397253173;0.9958123256;-0.0823390028
Job_20250821_1307_Track01_Sphere_00038.jpg;400035.388807;390046.475;5819535.685;36.376;-120.6480230361;82.6727891442;-182.2805361984;-0.2584810466;0.0738620799;0.9631884248;0.9653926956;0.0555723683;0.2548110186;-0.0347057901;0.9957188886;-0.0856703164
Job_20250821_1307_Track01_Sphere_00039.jpg;400035.688703;390043.718;5819534.853;36.374;-120.4997886093;82.6610859016;-182.4281456338;-0.2588219717;0.0733108107;0.9631389889;0.9652996981;0.0555049451;0.2551777692;-0.0347516875;0.9957633886;-0.0851328028
Job_20250821_1307_Track01_Sphere_00040.jpg;400035.987884;390040.953;5819534.020;36.373;-120.7602986879;82.6257083173;-182.0570842441;-0.2589043446;0.0749669822;0.9629893519;0.9653441200;0.0539921723;0.2553342423;-0.0328522494;0.9957232532;-0.0863477434
Job_20250821_1307_Track01_Sphere_00041.jpg;400036.275962;390038.260;5819533.211;36.371;-120.4142726120;82.6588238260;-182.4285168436;-0.2588553265;0.0733186279;0.9631294299;0.9653364643;0.0541754053;0.2553243745;-0.0334578945;0.9958360328;-0.0848007373
Job_20250821_1307_Track01_Sphere_00042.jpg;400036.572875;390035.476;5819532.378;36.365;-120.0797350523;82.7232397430;-182.6891651415;-0.2582144799;0.0719964198;0.9634011615;0.9655393169;0.0528248543;0.2548398756;-0.0325439674;0.9960050453;-0.0831555163
Job_20250821_1307_Track01_Sphere_00043.jpg;400036.869603;390032.706;5819531.551;36.358;-119.0143102305;82.8385063217;-183.9241122653;-0.2578729915;0.0665382912;0.9638849392;0.9655134807;0.0547639050;0.2545282563;-0.0358502280;0.9962798656;-0.0783657492
Job_20250821_1307_Track01_Sphere_00044.jpg;400037.171925;390029.897;5819530.704;36.342;-119.7708774798;82.7878999472;-183.0229845644;-0.2576443974;0.0703835594;0.9636729316;0.9656705362;0.0529869274;0.2543084763;-0.0331629320;0.9961117106;-0.0816191145
Job_20250821_1307_Track01_Sphere_00045.jpg;400037.468417;390027.146;5819529.881;36.336;-119.5337770085;82.8683324373;-183.2895470449;-0.2567608088;0.0689881639;0.9640096059;0.9658825111;0.0532368596;0.2534498205;-0.0338358063;0.9961959998;-0.0803036001
Job_20250821_1307_Track01_Sphere_00046.jpg;400037.772510;390024.373;5819529.054;36.322;-119.8710105948;82.9124938363;-182.8894330077;-0.2556773789;0.0704229323;0.9641938024;0.9662074049;0.0523961875;0.2523844097;-0.0327464290;0.9961401759;-0.0814396786
Job_20250821_1307_Track01_Sphere_00047.jpg;400038.081201;390021.580;5819528.223;36.315;-119.7040244823;82.9688236490;-183.2761512297;-0.2552764714;0.0686469391;0.9644280797;0.9661852283;0.0555940027;0.2517844543;-0.0363321851;0.9960908114;-0.0805174993
Job_20250821_1307_Track01_Sphere_00048.jpg;400038.387476;390018.824;5819527.411;36.305;-120.2675904639;83.2447567233;-182.7557971149;-0.2506767218;0.0696120246;0.9655647815;0.9673601589;0.0562242753;0.2470893640;-0.0370877892;0.9959884522;-0.0814340162
Job_20250821_1307_Track01_Sphere_00049.jpg;400038.697496;390016.053;5819526.605;36.297;-121.7924382122;84.2522178489;-180.8131874426;-0.2338142033;0.0726823724;0.9695608238;0.9717818316;0.0494290772;0.2306443976;-0.0311607148;0.9961295293;-0.0821886293
Job_20250821_1307_Track01_Sphere_00050.jpg;400039.006870;390013.270;5819525.865;36.289;-125.7706842346;85.8280444556;-176.7848074673;-0.2062609238;0.0787372920;0.9753239822;0.9780042122;0.0482198687;0.2029349775;-0.0310514438;0.9957285188;-0.0869512779
Job_20250821_1307_Track01_Sphere_00051.jpg;400039.309649;390010.493;5819525.220;36.285;-129.0766683650;87.6750766261;-172.8647634929;-0.1751784223;0.0795445164;0.9813180882;0.9842682627;0.0374235058;0.1726715616;-0.0229892873;0.9961285816;-0.0848489337
Job_20250821_1307_Track01_Sphere_00052.jpg;400039.611233;390007.683;5819524.664;36.281;-131.6240755887;89.0981841695;-170.6766334340;-0.1526497331;0.0757462004;0.9853733161;0.9878283261;0.0418472788;0.1498132286;-0.0298874091;0.9962486228;-0.0812122183
Job_20250821_1307_Track01_Sphere_00053.jpg;400039.912525;390004.854;5819524.169;36.267;-135.1076252397;90.2146104160;-167.3769055383;-0.1334377239;0.0750680139;0.9882100825;0.9904863334;0.0439407414;0.1304071877;-0.0336332751;0.9962098195;-0.0802171944
Job_20250821_1307_Track01_Sphere_00054.jpg;400040.213303;390001.989;5819523.725;36.246;-143.3641940877;90.9808130561;-158.8659517695;-0.1127363960;0.0850166684;0.9899811468;0.9931723403;0.0397100828;0.1096896155;-0.0299867876;0.9955879044;-0.0889129752
Job_20250821_1307_Track01_Sphere_00055.jpg;400040.508600;389999.133;5819523.346;36.250;-146.8645419136;92.1853482023;-155.3124773102;-0.0934965134;0.0790631982;0.9924753965;0.9951574603;0.0377904655;0.0907386904;-0.0303320162;0.9961530462;-0.0822136083
Job_20250821_1307_Track01_Sphere_00056.jpg;400040.803421;389996.273;5819523.021;36.236;-149.2656460149;93.0310898078;-152.9731140480;-0.0807728170;0.0735599887;0.9940144265;0.9962165991;0.0380416025;0.0781365734;-0.0320661762;0.9965649826;-0.0763544091
Job_20250821_1307_Track01_Sphere_00057.jpg;400041.100227;389993.383;5819522.716;36.213;-154.8034522797;93.0373767856;-147.2902042276;-0.0738270539;0.0803955646;0.9940252106;0.9968252374;0.0357495369;0.0711436346;-0.0298163083;0.9961217415;-0.0827796107
Job_20250821_1307_Track01_Sphere_00058.jpg;400041.389556;389990.524;5819522.437;36.210;-155.7740399634;93.3487637223;-146.2792108550;-0.0693089271;0.0779239122;0.9945472018;0.9971600770;0.0348550117;0.0667600855;-0.0294627473;0.9963498342;-0.0801183777
Job_20250821_1307_Track01_Sphere_00059.jpg;400041.681373;389987.653;5819522.171;36.198;-156.8505502265;93.4521597985;-145.2821071300;-0.0670254292;0.0777761432;0.9947152675;0.9972755775;0.0360037956;0.0643828333;-0.0308060767;0.9963205299;-0.0799774180
Job_20250821_1307_Track01_Sphere_00060.jpg;400041.974687;389984.777;5819521.913;36.185;-158.4250918826;93.5024073095;-143.7723266328;-0.0646639437;0.0787369182;0.9947959952;0.9973975124;0.0369537046;0.0619082064;-0.0318869360;0.9962102797;-0.0809215786
Job_20250821_1307_Track01_Sphere_00061.jpg;400042.269405;389981.875;5819521.654;36.177;-158.8015524200;93.6124018711;-143.3445259601;-0.0630513799;0.0778339859;0.9949705494;0.9975231476;0.0360603452;0.0603922303;-0.0311784135;0.9963139677;-0.0799148571
Job_20250821_1307_Track01_Sphere_00062.jpg;400042.566223;389978.975;5819521.398;36.172;-159.8376013913;93.7260159004;-142.1379887813;-0.0604735602;0.0776140845;0.9951477289;0.9977594329;0.0332852108;0.0580362717;-0.0286192699;0.9964276936;-0.0794530601
Job_20250821_1307_Track01_Sphere_00063.jpg;400042.865381;389976.093;5819521.156;36.163;-160.2293855326;93.7710085606;-141.7694943675;-0.0595942304;0.0774055178;0.9952170183;0.9978005779;0.0336097506;0.0571348523;-0.0290264430;0.9964330236;-0.0792382176
Job_20250821_1307_Track01_Sphere_00064.jpg;400043.169790;389973.176;5819520.910;36.155;-159.6893058068;93.6948048903;-142.4667463323;-0.0611753975;0.0776840496;0.9950993715;0.9976324830;0.0361389385;0.0585098797;-0.0314165506;0.9963228220;-0.0797109452
Job_20250821_1307_Track01_Sphere_00065.jpg;400043.473471;389970.280;5819520.659;36.147;-158.5165189331;93.6943686000;-143.5547069612;-0.0624983027;0.0766325757;0.9950986938;0.9975920999;0.0348325676;0.0599724470;-0.0300659995;0.9964507718;-0.0786250285
Job_20250821_1307_Track01_Sphere_00066.jpg;400043.779642;389967.389;5819520.403;36.136;-158.7477823704;93.6495165202;-143.2732339062;-0.0625995471;0.0774533938;0.9950287777;0.9976100322;0.0340743634;0.0601095792;-0.0292492812;0.9964135234;-0.0794013224
Job_20250821_1307_Track01_Sphere_00067.jpg;400044.091508;389964.462;5819520.151;36.127;-160.4321163393;93.5002221967;-141.7386805635;-0.0621369914;0.0807891157;0.9947924975;0.9975700696;0.0364957280;0.0593465928;-0.0315111177;0.9960628397;-0.0828605385
Job_20250821_1307_Track01_Sphere_00068.jpg;400044.397454;389961.585;5819519.903;36.128;-158.6777024927;93.7662807376;-143.4685766485;-0.0616852813;0.0758449613;0.9952097608;0.9976047663;0.0359536477;0.0590937005;-0.0312994617;0.9964712124;-0.0778811058
Job_20250821_1307_Track01_Sphere_00069.jpg;400044.709268;389958.693;5819519.658;36.118;-155.8797236051;93.8833022060;-146.3323439799;-0.0638164994;0.0716283098;0.9953877836;0.9974362167;0.0369401939;0.0612896050;-0.0323797469;0.9967471130;-0.0738020642
Job_20250821_1307_Track01_Sphere_00070.jpg;400045.028983;389955.763;5819519.401;36.102;-150.9801083595;93.2370597467;-151.7397869591;-0.0769969090;0.0728994449;0.9943626838;0.9962377478;0.0454090889;0.0738130372;-0.0397721741;0.9963050163;-0.0761215383
Job_20250821_1307_Track01_Sphere_00071.jpg;400045.344380;389952.890;5819519.094;36.085;-145.7038316822;92.1741922694;-157.1880637724;-0.0959209846;0.0763830638;0.9924539245;0.9945223333;0.0489506452;0.0923534674;-0.0415270192;0.9958762282;-0.0806600569
Job_20250821_1307_Track01_Sphere_00072.jpg;400045.662087;389950.009;5819518.719;36.084;-139.3934395033;91.0505122173;-163.2805171754;-0.1174475277;0.0764099222;0.9901351433;0.9923823398;0.0463722207;0.1141354847;-0.0371936819;0.9959975607;-0.0812741601
Job_20250821_1307_Track01_Sphere_00073.jpg;400045.979762;389947.137;5819518.284;36.080;-133.9359798728;89.9569225917;-168.9335807648;-0.1387652443;0.0736578791;0.9875822618;0.9895378079;0.0500739748;0.1353052986;-0.0394858680;0.9960256593;-0.0798357836
Job_20250821_1307_Track01_Sphere_00074.jpg;400046.300699;389944.242;5819517.784;36.075;-131.6244513833;89.3703869050;-171.0016193044;-0.1492494029;0.0731118207;0.9860929355;0.9881697611;0.0466170136;0.1461074173;-0.0352865285;0.9962336652;-0.0792044518
Job_20250821_1307_Track01_Sphere_00075.jpg;400046.622289;389941.375;5819517.267;36.069;-131.1207076079;89.1741667886;-171.3329637128;-0.1523635725;0.0736565202;0.9855760036;0.9877921641;0.0440752030;0.1494122386;-0.0324342769;0.9963092359;-0.0794727889
Job_20250821_1307_Track01_Sphere_00076.jpg;400046.951359;389938.485;5819516.740;36.066;-132.4520215661;89.3970791632;-169.8174006149;-0.1474957990;0.0756865341;0.9861625312;0.9886186690;0.0411546966;0.1447045894;-0.0296330310;0.9962820080;-0.0808952654
Job_20250821_1307_Track01_Sphere_00077.jpg;400047.281528;389935.604;5819516.243;36.062;-134.8158635799;89.8817430276;-167.3729715452;-0.1379344007;0.0776089295;0.9873960478;0.9900265303;0.0396544199;0.1351850449;-0.0286630508;0.9961949513;-0.0823046078
Job_20250821_1307_Track01_Sphere_00078.jpg;400047.616458;389932.709;5819515.775;36.063;-135.9484021666;90.5425179206;-166.2032207644;-0.1276399717;0.0749371464;0.9889855720;0.9914050024;0.0385020014;0.1250348639;-0.0287081680;0.9964446899;-0.0792074562
Job_20250821_1307_Track01_Sphere_00079.jpg;400047.960554;389929.787;5819515.340;36.055;-139.3769499825;90.9897763524;-163.0019603376;-0.1179015555;0.0774416494;0.9900010172;0.9924928793;0.0418315330;0.1149260955;-0.0325131938;0.9961189255;-0.0817922884
Job_20250821_1307_Track01_Sphere_00080.jpg;400048.313451;389926.848;5819514.921;36.057;-139.4591863420;91.5587314241;-162.8313792594;-0.1103068938;0.0728770517;0.9912221368;0.9933913411;0.0399109373;0.1076139422;-0.0317180177;0.9965420475;-0.0767978836
Job_20250821_1307_Track01_Sphere_00081.jpg;400048.697952;389923.828;5819514.517;36.050;-141.1884086889;92.1953146020;-160.9372948305;-0.0999812763;0.0704152414;0.9924945532;0.9945463901;0.0368325851;0.0975747844;-0.0296853881;0.9968375266;-0.0737137930
Job_20250821_1307_Track01_Sphere_00082.jpg;400049.103663;389920.893;5819514.151;36.036;-146.4706068495;92.5589164379;-155.5653181000;-0.0893462986;0.0749471011;0.9931768075;0.9955931016;0.0352425404;0.0869041963;-0.0284888562;0.9965645465;-0.0777656074
Job_20250821_1307_Track01_Sphere_00083.jpg;400049.577916;389917.803;5819513.802;36.041;-155.1126176800;93.2018075839;-146.2160618872;-0.0707554833;0.0797093531;0.9943038171;0.9973314579;0.0236302232;0.0690765924;-0.0179895706;0.9965380231;-0.0811686132
Job_20250821_1307_Track01_Sphere_00084.jpg;400050.137907;389914.710;5819513.530;36.056;-165.5732967009;94.0187021335;-135.9320740559;-0.0501844958;0.0792649250;0.9955895681;0.9985058976;0.0255624373;0.0482963180;-0.0216214919;0.9965257816;-0.0804293331
Job_20250821_1307_Track01_Sphere_00085.jpg;400050.830696;389911.531;5819513.371;36.048;178.7742203893;95.2355983214;-79.5619006837;0.0235937563;0.0709490573;0.9972008654;0.9996343858;0.0115032673;-0.0244697703;-0.0132071752;0.9974136083;-0.0706517120
Job_20250821_1307_Track01_Sphere_00086.jpg;400051.645918;389908.534;5819513.531;36.036;130.6377142994;89.2509294204;-30.8783273083;0.1486623020;0.0783492238;0.9857793461;0.9888413947;-0.0020976039;-0.1489573635;-0.0096029192;0.9969237680;-0.0777867903
Job_20250821_1307_Track01_Sphere_00087.jpg;400052.604630;389905.667;5819514.221;36.026;115.6472797901;76.3011910329;-15.6493437333;0.3527874853;0.0885120454;0.9315077069;0.9355632791;-0.0161343264;-0.3527903547;-0.0161969465;0.9959444268;-0.0885006079
Job_20250821_1307_Track01_Sphere_00088.jpg;400053.615136;389903.069;5819515.563;36.043;110.6677188941;60.7930310635;-10.4107561657;0.5699551563;0.0940456199;0.8162760202;0.8212580740;-0.0335283706;-0.5695709124;-0.0261972446;0.9950031506;-0.0963453923
Job_20250821_1307_Track01_Sphere_00089.jpg;400054.491631;389901.149;5819517.290;36.069;108.9976469699;44.5988314079;-7.8251336365;0.7587155081;0.0937314928;0.6446434557;0.6506715135;-0.0615517419;-0.7568605979;-0.0312627461;0.9936930061;-0.1076886734
Job_20250821_1307_Track01_Sphere_00090.jpg;400055.211651;389899.640;5819519.496;36.114;106.9228070880;28.8937933687;-4.3964666091;0.8966179309;0.0620186432;0.4384403880;0.4423007307;-0.0781945897;-0.8934515486;-0.0211269865;0.9950071829;-0.0975415624
Job_20250821_1307_Track01_Sphere_00091.jpg;400055.837704;389898.628;5819522.071;36.134;106.6657129121;16.7965232050;-2.8631612387;0.9644196945;0.0434034956;0.2607887832;0.2637971569;-0.0927472199;-0.9601088549;-0.0174846458;0.9947432281;-0.1008969642
Job_20250821_1307_Track01_Sphere_00092.jpg;400056.388566;389898.013;5819524.830;36.161;106.3401511754;8.9560129549;-1.9661556092;0.9896486058;0.0305743261;0.1402171446;0.1425260468;-0.0950705340;-0.9852146566;-0.0167917554;0.9950009066;-0.0984440593
Job_20250821_1307_Track01_Sphere_00093.jpg;400056.893176;389897.689;5819527.688;36.184;106.2974065620;2.9219480115;-1.2660122078;0.9987493573;0.0198642210;0.0458817389;0.0476122390;-0.0978307548;-0.9940634880;-0.0152576517;0.9950048021;-0.0986541835
Job_20250821_1307_Track01_Sphere_00094.jpg;400057.355811;389897.612;5819530.567;36.207;106.0357695178;-1.9086248738;-1.0239895167;0.9994213159;0.0160768682;-0.0299761183;-0.0283149894;-0.0951353986;-0.9950615646;-0.0188492636;0.9953345117;-0.0946251289
Job_20250821_1307_Track01_Sphere_00095.jpg;400057.786988;389897.717;5819533.471;36.216;106.0992299364;-4.4926613843;-1.2175310483;0.9973285105;0.0190761668;-0.0705119986;-0.0683464204;-0.0969847582;-0.9929364146;-0.0257800098;0.9951030382;-0.0954218767
Job_20250821_1307_Track01_Sphere_00096.jpg;400058.197060;389897.888;5819536.417;36.232;105.9873039161;-5.4750325534;-1.0854216128;0.9961593338;0.0169859263;-0.0858956342;-0.0839025458;-0.0953540752;-0.9919011862;-0.0250388592;0.9952984872;-0.0935626896
Job_20250821_1307_Track01_Sphere_00097.jpg;400058.591298;389898.100;5819539.368;36.242;105.9577415989;-6.2251508252;-1.1395145233;0.9950634842;0.0178129938;-0.0976286825;-0.0955133407;-0.0951722361;-0.9908680272;-0.0269418660;0.9953014331;-0.0930010383
Job_20250821_1307_Track01_Sphere_00098.jpg;400058.970146;389898.336;5819542.312;36.255;106.0025604998;-6.7487693917;-1.0257831804;0.9942571792;0.0160218172;-0.1058109776;-0.1038103663;-0.0958334156;-0.9899693754;-0.0260013358;0.9952684351;-0.0936198307
Job_20250821_1307_Track01_Sphere_00099.jpg;400059.331919;389898.595;5819545.244;36.266;106.0834761659;-7.2965226668;-0.9690977990;0.9933239579;0.0151220943;-0.1143627427;-0.1123754138;-0.0971354820;-0.9889067016;-0.0260630205;0.9951562794;-0.0947876499
Job_20250821_1307_Track01_Sphere_00100.jpg;400059.681745;389898.883;5819548.203;36.280;106.0642873812;-7.6752496628;-1.2538932358;0.9925485818;0.0195518733;-0.1202706827;-0.1178289574;-0.0974531315;-0.9882404687;-0.0310427071;0.9950480448;-0.0944231906
Job_20250821_1307_Track01_Sphere_00101.jpg;400060.016319;389899.177;5819551.139;36.294;106.0329459013;-7.9588310072;-1.1783912940;0.9920255739;0.0183646170;-0.1246916256;-0.1223594923;-0.0969048779;-0.9877436911;-0.0302227613;0.9951242061;-0.0938850319
Job_20250821_1307_Track01_Sphere_00102.jpg;400060.343150;389899.480;5819554.098;36.308;106.0579815134;-8.1273714848;-1.1416178468;0.9917024814;0.0177856025;-0.1273179515;-0.1250178025;-0.0972724038;-0.9873746141;-0.0299455756;0.9950988653;-0.0942417673
Job_20250821_1307_Track01_Sphere_00103.jpg;400060.661362;389899.791;5819557.060;36.323;105.9113022164;-8.2706489891;-1.1938559091;0.9913985511;0.0185939211;-0.1295499095;-0.1272304406;-0.0951236884;-0.9873013212;-0.0306810681;0.9952917914;-0.0919397741
Job_20250821_1307_Track01_Sphere_00104.jpg;400060.973185;389900.105;5819560.020;36.333;105.8823221533;-8.4804614127;-1.1285447342;0.9909848275;0.0175691664;-0.1328171524;-0.1305942445;-0.0945976824;-0.9869125705;-0.0299034260;0.9953605391;-0.0914504359
Job_20250821_1307_Track01_Sphere_00105.jpg;400061.280771;389900.430;5819562.988;36.346;105.7556947768;-8.8794400700;-0.9327727632;0.9901824185;0.0145091518;-0.1390261222;-0.1371206106;-0.0923060452;-0.9862441544;-0.0271425176;0.9956249688;-0.0894103193
Job_20250821_1307_Track01_Sphere_00106.jpg;400061.584875;389900.773;5819565.950;36.355;105.8587235926;-9.2996510708;-0.6750743218;0.9892938605;0.0104909075;-0.1455596042;-0.1439610183;-0.0934305606;-0.9851629081;-0.0239349684;0.9955705255;-0.0909199982
Job_20250821_1307_Track01_Sphere_00107.jpg;400061.886212;389901.144;5819568.911;36.370;105.7784148299;-9.6966708023;-0.9579782035;0.9883105807;0.0148731080;-0.1517266844;-0.1497210656;-0.0929059649;-0.9843536378;-0.0287367120;0.9955637962;-0.0895931306
Job_20250821_1307_Track01_Sphere_00108.jpg;400062.189014;389901.534;5819571.892;36.380;105.7894271893;-10.0795675768;-0.9788090336;0.9873753343;0.0151821872;-0.1576687994;-0.1556024899;-0.0932181410;-0.9834115330;-0.0296279304;0.9955299490;-0.0896789070
Job_20250821_1307_Track01_Sphere_00109.jpg;400062.492002;389901.938;5819574.876;36.393;105.5637582310;-10.3407933341;-0.9706777068;0.9867220639;0.0150460822;-0.1617194611;-0.1597527246;-0.0897302437;-0.9830704707;-0.0293024857;0.9958524483;-0.0861351586
Job_20250821_1307_Track01_Sphere_00110.jpg;400062.798317;389902.349;5819577.855;36.402;105.6052546929;-10.4227488740;-0.9634487895;0.9865147820;0.0149308753;-0.1629897357;-0.1610090613;-0.0903803563;-0.9828059185;-0.0294052230;0.9957953907;-0.0867575513
Job_20250821_1307_Track01_Sphere_00111.jpg;400063.111769;389902.771;5819580.878;36.415;105.5220730566;-10.3590773938;-1.1065927550;0.9866412122;0.0171518391;-0.1620028793;-0.1598636460;-0.0894239602;-0.9830803477;-0.0313485750;0.9958459568;-0.0854874090
Job_20250821_1307_Track01_Sphere_00112.jpg;400063.419216;389903.173;5819583.811;36.425;105.5616750815;-10.0748929129;-1.2866268201;0.9873019564;0.0199563729;-0.1575962880;-0.1551999460;-0.0904063866;-0.9837375982;-0.0338795453;0.9957049907;-0.0861611744
Job_20250821_1307_Track01_Sphere_00113.jpg;400063.734901;389903.563;5819586.790;36.437;105.4990438914;-9.6751787319;-1.3806713984;0.9882411985;0.0214358771;-0.1513929877;-0.1489222079;-0.0895219583;-0.9847882996;-0.0346627977;0.9957541475;-0.0852770092
Job_20250821_1307_Track01_Sphere_00114.jpg;400064.062666;389903.944;5819589.836;36.449;105.5243431832;-9.2843789662;-1.5911901148;0.9890753475;0.0247264505;-0.1453222613;-0.1425642709;-0.0902584379;-0.9856616271;-0.0374884737;0.9956113785;-0.0857472874
Job_20250821_1307_Track01_Sphere_00115.jpg;400064.389183;389904.294;5819592.789;36.464;105.5251836701;-8.9911156850;-1.7759255730;0.9896581123;0.0276148382;-0.1407630683;-0.1377609586;-0.0905582068;-0.9863169518;-0.0399842341;0.9955082279;-0.0858174174
Job_20250821_1307_Track01_Sphere_00116.jpg;400064.735333;389904.639;5819595.823;36.480;105.3866295872;-8.8405068759;-1.8456565698;0.9899573729;0.0287083984;-0.1384204741;-0.1354175209;-0.0884746405;-0.9868304480;-0.0405770233;0.9956646352;-0.0836985025
Job_20250821_1307_Track01_Sphere_00117.jpg;400065.099970;389904.987;5819598.890;36.491;105.1592187152;-8.7301701400;-2.0865126529;0.9900799640;0.0324613603;-0.1367037859;-0.1335292267;-0.0853736082;-0.9873607713;-0.0437219692;0.9958200676;-0.0801921586
Job_20250821_1307_Track01_Sphere_00118.jpg;400065.474353;389905.312;5819601.881;36.494;105.2173993501;-8.7359683371;-1.9862828196;0.9901173955;0.0309021439;-0.1367940081;-0.1337147692;-0.0860761836;-0.9872746584;-0.0422836097;0.9958091926;-0.0810934537
Job_20250821_1307_Track01_Sphere_00119.jpg;400065.876182;389905.644;5819604.921;36.500;105.3798389033;-8.7683312433;-1.9602753344;0.9900603022;0.0304955091;-0.1372975670;-0.1341441584;-0.0885776608;-0.9869951078;-0.0422604156;0.9956023413;-0.0836064312
Job_20250821_1307_Track01_Sphere_00120.jpg;400066.300175;389905.974;5819607.951;36.516;105.5317987447;-8.7553119763;-1.8700265610;0.9901305839;0.0290927693;-0.1370949946;-0.1339699844;-0.0907578477;-0.9868206810;-0.0411517931;0.9954479513;-0.0859645629
Job_20250821_1307_Track01_Sphere_00121.jpg;400066.751857;389906.294;5819610.995;36.539;106.2131707119;-8.3760022741;-1.5661178132;0.9910571921;0.0243854428;-0.1311906710;-0.1281299955;-0.1006235897;-0.9866395479;-0.0372605185;0.9946256800;-0.0965992256
Job_20250821_1307_Track01_Sphere_00122.jpg;400067.232910;389906.586;5819614.075;36.586;105.2550776802;-7.5755493576;-1.4132463306;0.9926836228;0.0220404242;-0.1187158151;-0.1164521938;-0.0850587482;-0.9895473187;-0.0319078613;0.9961321343;-0.0818697705
Job_20250821_1307_Track01_Sphere_00123.jpg;400067.747328;389906.828;5819617.128;36.599;105.7009228331;-6.3867451404;-1.1057020478;0.9948218242;0.0172801285;-0.1001545571;-0.0981850255;-0.0911492198;-0.9909851263;-0.0262533601;0.9956873088;-0.0889805833
Job_20250821_1307_Track01_Sphere_00124.jpg;400068.290578;389907.009;5819620.179;36.623;105.5399003261;-4.6561735153;-1.2179456920;0.9971440239;0.0190791350;-0.0730738127;-0.0711213597;-0.0882874922;-0.9935527520;-0.0254076308;0.9959122980;-0.0866784112
Job_20250821_1307_Track01_Sphere_00125.jpg;400068.857404;389907.094;5819623.221;36.640;105.4188256410;-2.5150136767;-1.4047307109;0.9989765072;0.0220464527;-0.0394954671;-0.0374671336;-0.0858635321;-0.9956021634;-0.0253407163;0.9960629537;-0.0849496340
Job_20250821_1307_Track01_Sphere_00126.jpg;400069.443475;389907.078;5819626.253;36.644;105.5566869973;-0.0299653206;-1.7105132891;0.9996389480;0.0268654442;-0.0004706941;0.0018732206;-0.0871545805;-0.9961930386;-0.0268041916;0.9958324794;-0.0871734381
Job_20250821_1307_Track01_Sphere_00127.jpg;400070.045086;389906.912;5819629.292;36.652;105.5952637085;4.2024863537;-2.4048105414;0.9971101415;0.0376834377;0.0659645685;0.0689780411;-0.0852328862;-0.9939705151;-0.0318338754;0.9956481877;-0.0875859050
Job_20250821_1307_Track01_Sphere_00128.jpg;400070.652696;389906.511;5819632.271;36.669;105.5319320606;8.9960872563;-2.4266954543;0.9893131366;0.0377293520;0.1408403836;0.1435144144;-0.0813759636;-0.9862968952;-0.0257513208;0.9959691002;-0.0859210157
Job_20250821_1307_Track01_Sphere_00129.jpg;400071.279325;389905.892;5819635.231;36.679;105.5283082734;14.0075824119;-3.1150639677;0.9747227318;0.0477325615;0.2182594757;0.2214188925;-0.0759903231;-0.9722135284;-0.0298206340;0.9959653977;-0.0846383862
Job_20250821_1307_Track01_Sphere_00130.jpg;400071.924907;389905.034;5819638.131;36.686;106.2279970403;18.9948216269;-3.2970893899;0.9545353402;0.0494801664;0.2939625784;0.2972210271;-0.0823972953;-0.9512467329;-0.0228461252;0.9953704832;-0.0933576762
Job_20250821_1307_Track01_Sphere_00131.jpg;400072.580332;389903.941;5819640.939;36.715;105.7621074431;23.9416738711;-3.2089962787;0.9289319789;0.0468641827;0.3672725513;0.3698588154;-0.0718431896;-0.9263061118;-0.0170245473;0.9963143603;-0.0840705674
Job_20250821_1307_Track01_Sphere_00132.jpg;400073.260337;389902.634;5819643.687;36.723;106.1630963137;28.3002576111;-3.3057250626;0.9015919732;0.0468583750;0.4300420985;0.4324684024;-0.0743123517;-0.8985815240;-0.0101486303;0.9961335087;-0.0872641864
Job_20250821_1307_Track01_Sphere_00133.jpg;400073.945333;389901.151;5819646.317;36.742;105.9085105884;32.5979656949;-3.1224726290;0.8706947084;0.0427398383;0.4899632955;0.4918116834;-0.0686474833;-0.8679912390;-0.0034630581;0.9967250520;-0.0807909523
Job_20250821_1307_Track01_Sphere_00134.jpg;400074.649337;389899.511;5819648.846;36.738;106.8948258707;36.8788953873;-3.8815162558;0.8352952748;0.0509917517;0.5474318635;0.5497995228;-0.0747300217;-0.8319470588;-0.0015128428;0.9958992244;-0.0904568747
Job_20250821_1307_Track01_Sphere_00135.jpg;400075.370116;389897.691;5819651.278;36.752;106.9774756113;41.5309949908;-4.4018714481;0.7927500521;0.0549017766;0.6070693122;0.6095419977;-0.0674308947;-0.7898807679;-0.0024306306;0.9962122612;-0.0869207839
Job_20250821_1307_Track01_Sphere_00136.jpg;400076.121444;389895.662;5819653.589;36.754;107.2535838291;46.4710256429;-4.7852460324;0.7430934415;0.0559611432;0.6668436756;0.6691869338;-0.0636192340;-0.7403657479;0.0009923701;0.9964040062;-0.0847235014
Job_20250821_1307_Track01_Sphere_00137.jpg;400077.055089;389893.228;5819655.921;36.756;107.3686969603;51.6035681327;-4.6881287736;0.6872056175;0.0506981560;0.7246917526;0.7263887336;-0.0622139334;-0.6844624418;0.0103849407;0.9967743594;-0.0795803338
Job_20250821_1307_Track01_Sphere_00138.jpg;400078.582411;389890.509;5819658.274;36.747;108.2720862847;52.6642821223;-5.2264639306;0.6746236789;0.0555094160;0.7360717333;0.7380339514;-0.0692832373;-0.6711972286;0.0137396664;0.9960514735;-0.0877079461
Job_20250821_1307_Track01_Sphere_00139.jpg;400090.218954;389888.572;5819659.969;36.767;109.2958953430;52.9056132561;-6.1968213243;0.6709173114;0.0655137609;0.7386324583;0.7414533497;-0.0737918121;-0.6669345535;0.0108116367;0.9951194479;-0.0980836017
Job_20250821_1307_Track01_Sphere_00140.jpg;400098.716404;389888.106;5819660.355;36.760;109.4389502137;52.8179335321;-6.2914439345;0.6718308914;0.0666112001;0.7377033288;0.7406249143;-0.0750163363;-0.6677179686;0.0108623058;0.9949550228;-0.0997322065
Job_20250821_1307_Track01_Sphere_00141.jpg;400100.347240;389886.847;5819661.452;36.770;109.8555277013;52.4467747017;-6.6863333825;0.6756705718;0.0712268823;0.7337547340;0.7371495498;-0.0773392300;-0.6712891961;0.0089341896;0.9944573268;-0.1047607060
Job_20250821_1307_Track01_Sphere_00142.jpg;400101.410096;389884.928;5819663.116;36.799;109.3250316210;52.4856329868;-6.1403256339;0.6758106861;0.0653861869;0.7341693014;0.7369873020;-0.0753304087;-0.6716956500;0.0113856562;0.9950125507;-0.0990978847
Job_20250821_1307_Track01_Sphere_00143.jpg;400102.240047;389882.896;5819664.878;36.816;109.1231644019;52.5575912207;-5.9219847420;0.6752042773;0.0629908623;0.7349362797;0.7375236622;-0.0746317344;-0.6711847375;0.0125710639;0.9952197021;-0.0968489177
Job_20250821_1307_Track01_Sphere_00144.jpg;400102.929894;389880.797;5819666.691;36.829;109.3084140669;52.2047402127;-5.7709021072;0.6793981830;0.0617560944;0.7311663927;0.7335835477;-0.0796150040;-0.6749197209;0.0165314093;0.9949108683;-0.0993935439
Job_20250821_1307_Track01_Sphere_00145.jpg;400103.536977;389878.674;5819668.584;36.854;109.0171772120;49.6833588876;-4.6884616386;0.7086887869;0.0522867888;0.7035810508;0.7050341603;-0.0895349009;-0.7034986385;0.0262113750;0.9946102720;-0.1003163525
Job_20250821_1307_Track01_Sphere_00146.jpg;400104.110857;389876.623;5819670.665;36.888;108.5246823395;45.0920896343;-4.0681998425;0.7579155639;0.0484992149;0.6505473266;0.6519333341;-0.0920612598;-0.7526670262;0.0233864466;0.9945715412;-0.1013929165
Job_20250821_1307_Track01_Sphere_00147.jpg;400104.631896;389874.770;5819672.842;36.921;107.9337347171;41.0225454743;-3.4974245311;0.7982658258;0.0438988347;0.6007033908;0.6019707809;-0.0913842641;-0.7932717663;0.0200711312;0.9948476308;-0.0993747508
Job_20250821_1307_Track01_Sphere_00148.jpg;400105.134795;389872.961;5819675.200;36.944;107.5433800329;38.7293150483;-3.1891125860;0.8195577866;0.0410896842;0.5715213665;0.5727214027;-0.0896483462;-0.8148333381;0.0177547008;0.9951255257;-0.0970049417
Job_20250821_1307_Track01_Sphere_00149.jpg;400105.609808;389871.247;5819677.576;36.967;107.0599281816;37.2885504753;-2.8940629626;0.8324494066;0.0378691027;0.5528054960;0.5538714292;-0.0855881179;-0.8281914718;0.0159507140;0.9956106695;-0.0922223920
Job_20250821_1307_Track01_Sphere_00150.jpg;400106.103241;389869.506;5819680.077;36.984;106.8068285711;36.4478615974;-2.6869505861;0.8397889737;0.0354656329;0.5417533282;0.5426827040;-0.0838945695;-0.8357375090;0.0158102025;0.9958433060;-0.0897003200
Job_20250821_1307_Track01_Sphere_00151.jpg;400106.566934;389867.870;5819682.481;36.996;106.7471715909;36.0872057375;-2.5396329125;0.8429219833;0.0336440810;0.5369828730;0.5377639372;-0.0844061367;-0.8388596736;0.0171019870;0.9958632837;-0.0892403616
Job_20250821_1307_Track01_Sphere_00152.jpg;400107.035505;389866.175;5819684.972;36.997;105.6556836788;36.3258029286;-2.0750962959;0.8411276457;0.0274267208;0.5401407766;0.5406163298;-0.0711416887;-0.8382558345;0.0154359183;0.9970890808;-0.0746665743
Job_20250821_1307_Track01_Sphere_00153.jpg;400107.501338;389864.483;5819687.435;36.963;105.5758077329;36.8642220738;-1.9445906397;0.8365859803;0.0255619364;0.5472389652;0.5475585436;-0.0707827863;-0.8337682163;0.0174223686;0.9971641713;-0.0732125433
Job_20250821_1307_Track01_Sphere_00154.jpg;400107.975052;389862.754;5819689.894;36.931;105.9406454749;38.3861745785;-2.5846628052;0.8229770313;0.0334310640;0.5670900898;0.5679396054;-0.0701860153;-0.8200722699;0.0123859052;0.9969735640;-0.0767483038
Job_20250821_1307_Track01_Sphere_00155.jpg;400108.455714;389860.935;5819692.309;36.903;105.7254389672;41.6202822090;-3.2931337704;0.7927348809;0.0410435413;0.6081832260;0.6095589250;-0.0583744173;-0.7905886063;0.0030537853;0.9974506780;-0.0712938937
Job_20250821_1307_Track01_Sphere_00156.jpg;400108.941081;389858.967;5819694.580;36.864;105.6422071721;46.8578999111;-3.7436953748;0.7398503908;0.0435577368;0.6713599055;0.6727709804;-0.0490563423;-0.7382226515;0.0007791534;0.9978457791;-0.0655987354
Job_20250821_1307_Track01_Sphere_00157.jpg;400109.417877;389856.834;5819696.641;36.807;105.8578243272;53.7542662105;-4.8852560708;0.6622476811;0.0509191677;0.7475528391;0.7492438628;-0.0345477393;-0.6613925368;-0.0078512969;0.9981050506;-0.0610300342
Job_20250821_1307_Track01_Sphere_00158.jpg;400109.893963;389854.448;5819698.453;36.732;107.0272370368;61.1430752354;-6.6511529665;0.5700397997;0.0597731540;0.8194399288;0.8214999243;-0.0246227868;-0.5696767441;-0.0138744811;0.9979082565;-0.0631396100
Job_20250821_1307_Track01_Sphere_00159.jpg;400110.357962;389851.893;5819699.958;36.666;108.3593260209;68.5303577107;-8.2675022850;0.4704415842;0.0614399747;0.8802896372;0.8823184921;-0.0168115085;-0.4703524761;-0.0140994476;0.9979691892;-0.0621184585
Job_20250821_1307_Track01_Sphere_00160.jpg;400110.817795;389849.154;5819701.152;36.597;111.4396124960;77.0426224338;-12.1386901442;0.3464536961;0.0668721321;0.9356804767;0.9378027319;-0.0010127493;-0.3471671217;-0.0222681959;0.9977610397;-0.0630637389
Job_20250821_1307_Track01_Sphere_00161.jpg;400111.261422;389846.311;5819701.951;36.532;117.2778387718;85.3964796261;-18.6097866396;0.2177387898;0.0655269973;0.9738049250;0.9756154806;0.0136481725;-0.2190620034;-0.0276451329;0.9977574555;-0.0609574164
Job_20250821_1307_Track01_Sphere_00162.jpg;400111.699787;389843.357;5819702.360;36.460;143.4073385396;92.5453570643;-45.0240762505;0.0888094052;0.0759085031;0.9931519464;0.9956358333;0.0219383323;-0.0907083075;-0.0286736293;0.9968734166;-0.0736288955
Job_20250821_1307_Track01_Sphere_00163.jpg;400112.121202;389840.397;5819702.415;36.425;-195.2057338045;94.6448554891;-106.4162814040;-0.0084536946;0.0835928750;0.9964641320;0.9996486724;0.0257404769;0.0063213556;-0.0251210417;0.9961674855;-0.0837811086
Job_20250821_1307_Track01_Sphere_00164.jpg;400112.524471;389837.468;5819702.232;36.414;-160.6414423018;93.2232520514;-140.8146773886;-0.0635458337;0.0851502298;0.9943396630;0.9977762461;0.0254999725;0.0615817685;-0.0201119324;0.9960417611;-0.0865812936
Job_20250821_1307_Track01_Sphere_00165.jpg;400112.917260;389834.534;5819701.954;36.404;-156.3578512521;92.4226128798;-145.3594987564;-0.0776270271;0.0898570855;0.9929248455;0.9967080000;0.0303622969;0.0751750868;-0.0233924648;0.9954917554;-0.0919182108
Job_20250821_1307_Track01_Sphere_00166.jpg;400113.300550;389831.581;5819701.662;36.419;-154.4745534087;92.8954251179;-147.4540030582;-0.0755368285;0.0818338200;0.9937793585;0.9967745943;0.0332862792;0.0730235012;-0.0271034252;0.9960899806;-0.0840842127
Job_20250821_1307_Track01_Sphere_00167.jpg;400113.675946;389828.638;5819701.379;36.410;-158.6775102494;93.0332711400;-143.4473324318;-0.0688829962;0.0847526520;0.9940181693;0.9971625177;0.0361766776;0.0660163713;-0.0303652123;0.9957450658;-0.0870041258
Job_20250821_1307_Track01_Sphere_00168.jpg;400114.046731;389825.643;5819701.101;36.404;-159.0604130446;93.0935956884;-143.1948239252;-0.0679550945;0.0842918761;0.9941212123;0.9971600292;0.0381622481;0.0649270287;-0.0324650793;0.9957100594;-0.0866458088
Job_20250821_1307_Track01_Sphere_00169.jpg;400114.394018;389822.748;5819700.829;36.401;-158.2828555400;92.7656562943;-143.9961042241;-0.0722736839;0.0873747623;0.9935502833;0.9968541841;0.0388187455;0.0691002224;-0.0325307601;0.9954188846;-0.0899054711
Job_20250821_1307_Track01_Sphere_00170.jpg;400114.738899;389819.797;5819700.537;36.407;-158.0007581854;92.2565889966;-144.2147060060;-0.0776557551;0.0932277114;0.9926117960;0.9964963840;0.0382726998;0.0743650269;-0.0310570520;0.9949089377;-0.0958731727
Job_20250821_1307_Track01_Sphere_00171.jpg;400115.084502;389816.763;5819700.216;36.431;-157.1139316393;91.9463405714;-144.9745139858;-0.0819020709;0.0959727777;0.9920087080;0.9962257636;0.0365915119;0.0787101600;-0.0287450658;0.9947111577;-0.0986074743
Job_20250821_1307_Track01_Sphere_00172.jpg;400115.406796;389813.874;5819699.908;36.461;-159.1725552839;91.7415661709;-142.8317307375;-0.0806140441;0.1011696330;0.9915977417;0.9963719442;0.0354092984;0.0773894724;-0.0272823158;0.9942388480;-0.1036570706
Job_20250821_1307_Track01_Sphere_00173.jpg;400115.728515;389810.924;5819699.597;36.506;-159.2724974818;91.8383507600;-142.5875844147;-0.0792904489;0.1002953377;0.9917932597;0.9965347293;0.0330573121;0.0763265842;-0.0251308188;0.9944083967;-0.1025689164
Job_20250821_1307_Track01_Sphere_00174.jpg;400116.049522;389807.913;5819699.281;36.549;-157.3955150463;92.2860622253;-144.3376921027;-0.0775409063;0.0927249815;0.9926678627;0.9967114008;0.0307112155;0.0749880310;-0.0235327728;0.9952180158;-0.0948014217
Job_20250821_1307_Track01_Sphere_00175.jpg;400116.356233;389804.987;5819698.980;36.565;-156.9300450404;92.6242107483;-144.6076065543;-0.0745327071;0.0883636994;0.9932958936;0.9970020269;0.0273595265;0.0723768935;-0.0207806152;0.9957124650;-0.0901379670
Job_20250821_1307_Track01_Sphere_00176.jpg;400116.660810;389802.031;5819698.691;36.567;-157.2031822096;92.8004654582;-144.3922320193;-0.0724670919;0.0865069045;0.9936121356;0.9971314660;0.0281075320;0.0702766396;-0.0218485704;0.9958546692;-0.0882956276
Job_20250821_1307_Track01_Sphere_00177.jpg;400116.961986;389799.061;5819698.413;36.566;-157.5630312843;92.8419219636;-144.3606106709;-0.0720088444;0.0860466636;0.9936854120;0.9970377499;0.0332061543;0.0693763404;-0.0270268685;0.9957375774;-0.0881829087
Job_20250821_1307_Track01_Sphere_00178.jpg;400117.258088;389796.094;5819698.128;36.569;-156.9790031829;92.9565438687;-144.9341674822;-0.0716204989;0.0840326367;0.9938858184;0.9970677182;0.0329581705;0.0690631903;-0.0269530963;0.9959178053;-0.0861467099
Job_20250821_1307_Track01_Sphere_00179.jpg;400117.550790;389793.122;5819697.839;36.564;-158.0746192382;92.9672727317;-143.6480179120;-0.0698022520;0.0853326746;0.9939044120;0.9972720182;0.0299432298;0.0674679536;-0.0240034873;0.9959024740;-0.0871899934
Job_20250821_1307_Track01_Sphere_00180.jpg;400117.838419;389790.157;5819697.566;36.557;-160.7105466601;92.9383013497;-141.1656580881;-0.0666951833;0.0883498942;0.9938541386;0.9974228257;0.0323057834;0.0640628068;-0.0264472943;0.9955654838;-0.0902768413
Job_20250821_1307_Track01_Sphere_00181.jpg;400118.125714;389787.133;5819697.302;36.557;-161.1318088711;93.3147199041;-140.9197864829;-0.0628299241;0.0839015668;0.9944912909;0.9975877125;0.0347487568;0.0600939251;-0.0295153615;0.9958679887;-0.0858824338
Job_20250821_1307_Track01_Sphere_00182.jpg;400118.399853;389784.213;5819697.055;36.549;-163.6842140137;93.2494000620;-138.4851186599;-0.0601559877;0.0870819831;0.9943832186;0.9976955495;0.0365647651;0.0571542519;-0.0313822832;0.9955298821;-0.0890808966
Job_20250821_1307_Track01_Sphere_00183.jpg;400118.674718;389781.242;5819696.813;36.553;-165.3072843548;93.2497852689;-136.9914546278;-0.0580931617;0.0884642618;0.9943838590;0.9977501272;0.0385341437;0.0548616758;-0.0334644329;0.9953337099;-0.0905037987
Job_20250821_1307_Track01_Sphere_00184.jpg;400118.945924;389778.271;5819696.576;36.562;-165.2903213926;93.4621620854;-137.1150669943;-0.0564382359;0.0855815054;0.9947313866;0.9977820431;0.0400557479;0.0531651337;-0.0352947575;0.9955256616;-0.0876523651
Job_20250821_1307_Track01_Sphere_00185.jpg;400119.216861;389775.278;5819696.341;36.563;-165.6359448907;93.4744702473;-136.8503877659;-0.0559767282;0.0856544214;0.9947511880;0.9977616707;0.0413034883;0.0525896406;-0.0365821588;0.9954684033;-0.0877747327
Job_20250821_1307_Track01_Sphere_00186.jpg;400119.484924;389772.295;5819696.107;36.565;-165.1407848174;93.5968182805;-137.4100856561;-0.0556676344;0.0835677684;0.9949459998;0.9977386365;0.0422480604;0.0522753732;-0.0376660024;0.9956061116;-0.0857306408
Job_20250821_1307_Track01_Sphere_00187.jpg;400119.752107;389769.311;5819695.873;36.564;-165.4470082600;93.5786223710;-137.1571207782;-0.0554918468;0.0840256011;0.9949172595;0.9977167622;0.0430847789;0.0520092709;-0.0384956799;0.9955317173;-0.0862246046
Job_20250821_1307_Track01_Sphere_00188.jpg;400120.019630;389766.313;5819695.637;36.564;-166.5398047448;93.4976884162;-136.0578430211;-0.0547114059;0.0860384873;0.9947884402;0.9977645738;0.0429988822;0.0511561472;-0.0383733935;0.9953634888;-0.0881986839
Job_20250821_1307_Track01_Sphere_00189.jpg;400120.282780;389763.347;5819695.404;36.572;-166.3367371659;93.5264415137;-136.2670015081;-0.0547514448;0.0854799203;0.9948343895;0.9977581787;0.0430824346;0.0512105525;-0.0384824136;0.9954080003;-0.0876471151
Job_20250821_1307_Track01_Sphere_00190.jpg;400120.545137;389760.367;5819695.164;36.577;-164.8929340690;93.8247553462;-137.4322318820;-0.0537203779;0.0805837934;0.9952991376;0.9979669361;0.0385648095;0.0507419934;-0.0342945394;0.9960015099;-0.0824916775
Job_20250821_1307_Track01_Sphere_00191.jpg;400120.807982;389757.374;5819694.924;36.567;-166.0237623956;93.7307932485;-135.9773652160;-0.0526515697;0.0830308365;0.9951551097;0.9981860952;0.0335099414;0.0500160285;-0.0291947167;0.9959834155;-0.0846445775
Job_20250821_1307_Track01_Sphere_00192.jpg;400121.076400;389754.299;5819694.685;36.562;-166.0121086976;93.6853876141;-135.9627192895;-0.0530124182;0.0836424311;0.9950847337;0.9981798919;0.0331282268;0.0503926980;-0.0287504249;0.9959450107;-0.0852464003
Job_20250821_1307_Track01_Sphere_00193.jpg;400121.327381;389751.401;5819694.462;36.559;-165.1043554065;93.7773063311;-136.9393562079;-0.0535015611;0.0816176681;0.9952266773;0.9981211104;0.0341773032;0.0508543098;-0.0298635538;0.9960775413;-0.0832928566
Job_20250821_1307_Track01_Sphere_00194.jpg;400121.584150;389748.425;5819694.237;36.549;-165.8630397504;93.5810381135;-136.3615820083;-0.0544171228;0.0846807039;0.9949210798;0.9979867375;0.0371200784;0.0514253980;-0.0325768096;0.9957164647;-0.0865301873
Job_20250821_1307_Track01_Sphere_00195.jpg;400121.838515;389745.451;5819694.008;36.548;-164.0314077285;93.8072404427;-138.3731711906;-0.0550607529;0.0800065908;0.9952724546;0.9978517803;0.0398471678;0.0520002679;-0.0354984243;0.9959975646;-0.0820287341
Job_20250821_1307_Track01_Sphere_00196.jpg;400122.101174;389742.367;5819693.773;36.530;-163.6612259052;93.9676850815;-138.9079553681;-0.0542913695;0.0774867082;0.9955140668;0.9977949510;0.0423306995;0.0511209128;-0.0381796155;0.9960943338;-0.0796140379
Job_20250821_1307_Track01_Sphere_00197.jpg;400122.345984;389739.491;5819693.548;36.520;-166.8509942114;93.4230407192;-135.8946968559;-0.0551140851;0.0871642546;0.9946682011;0.9976524954;0.0453577883;0.0513046730;-0.0406440161;0.9951608231;-0.0894594891
Job_20250821_1307_Track01_Sphere_00198.jpg;400122.598377;389736.491;5819693.304;36.528;-165.1145071034;93.6715404362;-137.4196125378;-0.0550325325;0.0825875702;0.9950631707;0.9977816758;0.0419356153;0.0517023376;-0.0374586158;0.9957011085;-0.0847121873
Job_20250821_1307_Track01_Sphere_00199.jpg;400122.847710;389733.521;5819693.068;36.520;-165.6707884300;93.5109338243;-136.8571007849;-0.0556740081;0.0851715919;0.9948096324;0.9977535008;0.0419284125;0.0522490184;-0.0372606566;0.9954837056;-0.0873145767
Job_20250821_1307_Track01_Sphere_00200.jpg;400123.102603;389730.458;5819692.818;36.526;-164.6454176871;93.7065271263;-137.6112332776;-0.0549762495;0.0819673745;0.9951175616;0.9979379127;0.0375778462;0.0520367928;-0.0331290554;0.9959263301;-0.0838642397
Job_20250821_1307_Track01_Sphere_00201.jpg;400123.342622;389727.561;5819692.589;36.521;-164.5208991030;93.8404325955;-137.7110475869;-0.0539359417;0.0801444029;0.9953229571;0.9980043649;0.0371043856;0.0510935632;-0.0328359836;0.9960924351;-0.0819857239
Job_20250821_1307_Track01_Sphere_00202.jpg;400123.590423;389724.560;5819692.361;36.506;-164.6482744895;93.9167065397;-137.8194051182;-0.0534047503;0.0790642316;0.9954379840;0.9979026204;0.0407455537;0.0503006969;-0.0365826859;0.9960364688;-0.0810744100
Job_20250821_1307_Track01_Sphere_00203.jpg;400123.834898;389721.595;5819692.133;36.492;-164.8117081415;93.9028524742;-137.7286804082;-0.0534130177;0.0793199413;0.9954171972;0.9978600180;0.0418894872;0.0502061280;-0.0377151688;0.9959686831;-0.0813876420
Job_20250821_1307_Track01_Sphere_00204.jpg;400124.089663;389718.509;5819691.897;36.483;-165.6118802175;93.9022415667;-136.9333284599;-0.0524231386;0.0799890310;0.9954162795;0.9979087497;0.0419410088;0.0491841343;-0.0378145717;0.9959130016;-0.0820204332
Job_20250821_1307_Track01_Sphere_00205.jpg;400124.330123;389715.603;5819691.675;36.478;-165.1680423272;94.0412215645;-137.4101486846;-0.0518158944;0.0777854030;0.9956226917;0.9979175488;0.0423823314;0.0486241063;-0.0384145652;0.9960688576;-0.0798194971
Job_20250821_1307_Track01_Sphere_00206.jpg;400124.578762;389712.612;5819691.449;36.470;-165.3426316224;93.9552685433;-137.4342968924;-0.0525910128;0.0788841337;0.9954955946;0.9977547490;0.0455470828;0.0491011621;-0.0414686176;0.9958427369;-0.0811023862
Job_20250821_1307_Track01_Sphere_00207.jpg;400124.829412;389709.614;5819691.220;36.464;-166.5214193029;93.7627640600;-136.1916290216;-0.0526616614;0.0824319934;0.9952043588;0.9977960532;0.0446322150;0.0491019508;-0.0403706033;0.9955967717;-0.0846007243
Job_20250821_1307_Track01_Sphere_00208.jpg;400125.086699;389706.549;5819690.981;36.470;-166.6067381517;93.7201812970;-135.9830432990;-0.0527478225;0.0831662236;0.9951387072;0.9978686942;0.0427249280;0.0493218980;-0.0384153136;0.9956193850;-0.0852426179
Job_20250821_1307_Track01_Sphere_00209.jpg;400125.330365;389703.658;5819690.754;36.478;-166.6825176017;93.7181199252;-135.7834896519;-0.0525040455;0.0833584220;0.9951355177;0.9979541477;0.0407834070;0.0492364996;-0.0364807399;0.9956847328;-0.0853291769
Job_20250821_1307_Track01_Sphere_00210.jpg;400125.583522;389700.665;5819690.522;36.484;-165.0447039486;93.8273273344;-137.3301053332;-0.0535687856;0.0806363743;0.9953030495;0.9979478625;0.0393366055;0.0505242036;-0.0350777548;0.9959670710;-0.0825781115
Job_20250821_1307_Track01_Sphere_00211.jpg;400125.837947;389697.676;5819690.287;36.484;-164.5021470605;93.7215350839;-137.8435101065;-0.0551435635;0.0815718897;0.9951408012;0.9978812582;0.0389673349;0.0521012598;-0.0345279867;0.9959054039;-0.0835478577
Job_20250821_1307_Track01_Sphere_00212.jpg;400126.099525;389694.615;5819690.036;36.486;-163.3113751489;93.7297395237;-138.8103294181;-0.0563025386;0.0806199165;0.9951534822;0.9979325378;0.0354867400;0.0535848973;-0.0309947429;0.9961130058;-0.0824512314
Job_20250821_1307_Track01_Sphere_00213.jpg;400126.348796;389691.705;5819689.802;36.481;-161.5990139018;93.8214762049;-140.6604525736;-0.0577664414;0.0777984432;0.9952941477;0.9977787994;0.0376274775;0.0549694495;-0.0331738706;0.9962587893;-0.0797992427
Job_20250821_1307_Track01_Sphere_00214.jpg;400126.606187;389688.715;5819689.563;36.470;-161.7853968707;93.6701728998;-140.6900199145;-0.0592134595;0.0796699174;0.9950610386;0.9975799151;0.0411130984;0.0560716164;-0.0364428213;0.9959731007;-0.0819115582
Job_20250821_1307_Track01_Sphere_00215.jpg;400126.864407;389685.718;5819689.319;36.464;-160.8127536511;93.6870375980;-141.8871185436;-0.0605398187;0.0783338743;0.9950872999;0.9973662338;0.0446412447;0.0571642803;-0.0399440361;0.9959271878;-0.0808301341
Job_20250821_1307_Track01_Sphere_00216.jpg;400127.129219;389682.656;5819689.060;36.455;-161.0724944801;93.5193434402;-141.6365683417;-0.0618255442;0.0806515410;0.9948230652;0.9972866339;0.0448996708;0.0583385763;-0.0399621321;0.9957305602;-0.0832086504
Job_20250821_1307_Track01_Sphere_00217.jpg;400127.380836;389679.743;5819688.810;36.454;-159.7064493809;93.5680594074;-143.0644916606;-0.0631422396;0.0786509812;0.9949005381;0.9971645470;0.0458642609;0.0596601684;-0.0409380471;0.9958466211;-0.0813239422
Job_20250821_1307_Track01_Sphere_00218.jpg;400127.638927;389676.765;5819688.549;36.445;-158.7292755590;93.5717832770;-144.0832503435;-0.0643555690;0.0775857199;0.9949064362;0.9970607233;0.0465318873;0.0608662262;-0.0415725242;0.9958992115;-0.0803522601
Job_20250821_1307_Track01_Sphere_00219.jpg;400127.898471;389673.780;5819688.285;36.435;-158.0538458435;93.5739224830;-144.6693364159;-0.0650455231;0.0769644351;0.9949098229;0.9970736557;0.0451428147;0.0616948238;-0.0401647226;0.9960113463;-0.0796755487
Job_20250821_1307_Track01_Sphere_00220.jpg;400128.163649;389670.748;5819688.015;36.425;-159.9961191899;93.2512737823;-142.7367670763;-0.0658151044;0.0828504213;0.9943863332;0.9970261550;0.0454987507;0.0621989540;-0.0400901264;0.9955228131;-0.0855985421
Job_20250821_1307_Track01_Sphere_00221.jpg;400128.418926;389667.828;5819687.747;36.435;-159.6100484672;93.3657685401;-142.9622132305;-0.0649906380;0.0812203262;0.9945750226;0.9971748232;0.0429047014;0.0616567807;-0.0376641605;0.9957722858;-0.0837792684
Job_20250821_1307_Track01_Sphere_00222.jpg;400128.681278;389664.835;5819687.482;36.439;-161.5371050897;93.3282427003;-141.1085589267;-0.0629513097;0.0835461779;0.9945135337;0.9972609751;0.0440352658;0.0594259447;-0.0388288573;0.9955304774;-0.0860894205
Job_20250821_1307_Track01_Sphere_00223.jpg;400128.942204;389661.860;5819687.223;36.443;-162.5934180546;93.3322579194;-139.9422835969;-0.0613734589;0.0846345711;0.9945201295;0.9974235383;0.0422793976;0.0579546176;-0.0371427478;0.9955146618;-0.0870113462
Job_20250821_1307_Track01_Sphere_00224.jpg;400129.205481;389658.851;5819686.958;36.451;-162.0076058579;93.6715434018;-140.2309819906;-0.0586248072;0.0800775197;0.9950631753;0.9977429266;0.0373950304;0.0557733286;-0.0327442278;0.9960869453;-0.0820890553
Job_20250821_1307_Track01_Sphere_00225.jpg;400129.466310;389655.878;5819686.705;36.443;-163.9653717362;93.6112011402;-138.0228429758;-0.0563429820;0.0828422243;0.9949686599;0.9979949232;0.0334568422;0.0537286981;-0.0288375046;0.9960009064;-0.0845611776
Job_20250821_1307_Track01_Sphere_00226.jpg;400129.727398;389652.894;5819686.458;36.439;-164.6424132823;93.6541840669;-137.1152595667;-0.0547864245;0.0830761938;0.9950360766;0.9981779260;0.0297909692;0.0524721469;-0.0252839029;0.9960978085;-0.0845569635
Job_20250821_1307_Track01_Sphere_00227.jpg;400129.987301;389649.911;5819686.221;36.437;-165.0874587884;93.6823356841;-136.6928292648;-0.0539941654;0.0830689659;0.9950799852;0.9982111656;0.0301116160;0.0516503585;-0.0256729245;0.9960887699;-0.0845462209
Job_20250821_1307_Track01_Sphere_00228.jpg;400130.244359;389646.943;5819685.990;36.436;-163.7446301565;93.7284951992;-138.1825108813;-0.0555157393;0.0811872850;0.9951515600;0.9980661933;0.0324248727;0.0530330227;-0.0279620555;0.9961712967;-0.0828303753
Job_20250821_1307_Track01_Sphere_00229.jpg;400130.502079;389643.960;5819685.753;36.427;-162.3701640677;93.6974263229;-139.6714872142;-0.0576826815;0.0802611201;0.9951034423;0.9978933311;0.0342804813;0.0550794732;-0.0296918847;0.9961842205;-0.0820694266
Job_20250821_1307_Track01_Sphere_00230.jpg;400130.759301;389640.976;5819685.512;36.416;-162.3207333316;93.4406127267;-139.9972056461;-0.0604514751;0.0832119981;0.9946966284;0.9975981912;0.0387958525;0.0573823216;-0.0338152060;0.9957764032;-0.0853574053
Job_20250821_1307_Track01_Sphere_00231.jpg;400131.015409;389637.988;5819685.263;36.414;-160.7803821127;93.4732575508;-141.6610752772;-0.0622949307;0.0811990998;0.9947492386;0.9974179353;0.0407481330;0.0591358779;-0.0357323942;0.9958645971;-0.0835278406
Job_20250821_1307_Track01_Sphere_00232.jpg;400131.270978;389635.005;5819685.009;36.408;-161.1921992337;93.3241060580;-141.3856938775;-0.0633535198;0.0833227867;0.9945067344;0.9972766838;0.0429859653;0.0599284808;-0.0377564240;0.9955950582;-0.0858191846
Job_20250821_1307_Track01_Sphere_00233.jpg;400131.525114;389632.032;5819684.753;36.410;-161.5600275445;93.2531935671;-141.2262238134;-0.0638128349;0.0843646696;0.9943895236;0.9971206983;0.0462929853;0.0600605746;-0.0409662691;0.9953590116;-0.0870758449
Job_20250821_1307_Track01_Sphere_00234.jpg;400131.781413;389629.032;5819684.489;36.418;-161.1984019333;93.3418914800;-141.4325887270;-0.0632465521;0.0830550490;0.9945359383;0.9972511222;0.0438042693;0.0597610675;-0.0386014617;0.9955817620;-0.0855972099
Job_20250821_1307_Track01_Sphere_00235.jpg;400132.039091;389626.019;5819684.217;36.422;-162.0249455385;93.4617579232;-140.2805482227;-0.0606258541;0.0826756869;0.9947307357;0.9975939079;0.0385937425;0.0575926896;-0.0336288667;0.9958289280;-0.0848165402
Job_20250821_1307_Track01_Sphere_00236.jpg;400132.290254;389623.082;5819683.962;36.423;-162.7839345510;93.6777050325;-139.2837061525;-0.0573710969;0.0808623988;0.9950727761;0.9978992157;0.0346903719;0.0547150191;-0.0300950569;0.9961214035;-0.0826827491
Job_20250821_1307_Track01_Sphere_00237.jpg;400132.546300;389620.091;5819683.721;36.416;-164.3569056264;93.8119096368;-137.7624321344;-0.0542498855;0.0804705974;0.9952795752;0.9980445577;0.0353630214;0.0515414169;-0.0310485243;0.9961294794;-0.0822316817
Job_20250821_1307_Track01_Sphere_00238.jpg;400132.802145;389617.107;5819683.494;36.407;-164.9686062709;93.9077011226;-137.3905495444;-0.0529489592;0.0795394072;0.9954244775;0.9979875978;0.0390407313;0.0499657474;-0.0348878536;0.9960669174;-0.0814465080
Job_20250821_1307_Track01_Sphere_00239.jpg;400133.064243;389614.049;5819683.265;36.398;-165.8514099084;94.0604006897;-136.6060612303;-0.0506661878;0.0781819306;0.9956508038;0.9980462723;0.0404575051;0.0476112246;-0.0365592101;0.9961178525;-0.0800790119
Job_20250821_1307_Track01_Sphere_00240.jpg;400133.313586;389611.142;5819683.052;36.384;-166.8531645247;94.1326279744;-135.7134687548;-0.0489640620;0.0779280781;0.9957558613;0.9980641442;0.0420933573;0.0457833310;-0.0383469003;0.9960699593;-0.0798382823
Job_20250821_1307_Track01_Sphere_00241.jpg;400133.571462;389608.138;5819682.841;36.368;-168.3933214173;94.1296500475;-134.3837658224;-0.0473497738;0.0789736629;0.9957515551;0.9980080846;0.0453441617;0.0438608027;-0.0416876713;0.9958449014;-0.0809633898
Job_20250821_1307_Track01_Sphere_00242.jpg;400133.826570;389605.164;5819682.632;36.357;-168.2476821196;94.1934107918;-134.5540990802;-0.0470457641;0.0779926886;0.9958432791;0.9980047050;0.0456986342;0.0435688380;-0.0421106269;0.9959060073;-0.0799869973
Job_20250821_1307_Track01_Sphere_00243.jpg;400134.090854;389602.091;5819682.412;36.348;-167.6712401550;93.9311351374;-135.1512258733;-0.0499267700;0.0810403412;0.9954595827;0.9978592733;0.0462004518;0.0462859476;-0.0422396535;0.9956394836;-0.0831734953
Job_20250821_1307_Track01_Sphere_00244.jpg;400134.340445;389599.185;5819682.196;36.346;-165.5645787817;93.7575585514;-137.3065533584;-0.0541421630;0.0815649241;0.9951963572;0.9976152501;0.0471451369;0.0504098087;-0.0428069963;0.9955523589;-0.0839229518
Job_20250821_1307_Track01_Sphere_00245.jpg;400134.595495;389596.210;5819681.951;36.343;-163.3886839494;93.7333997647;-139.2040775953;-0.0567670416;0.0802234406;0.9951591343;0.9976498874;0.0428650637;0.0534536115;-0.0383693271;0.9958548016;-0.0824682294
Job_20250821_1307_Track01_Sphere_00246.jpg;400134.850637;389593.229;5819681.702;36.336;-162.9258059931;93.6970808713;-139.4413404661;-0.0573952857;0.0804735222;0.9951029059;0.9977448405;0.0393672847;0.0543640520;-0.0347996326;0.9959790305;-0.0825515381
Job_20250821_1307_Track01_Sphere_00247.jpg;400135.111393;389590.174;5819681.452;36.328;-162.1676770564;93.6911620948;-140.2533927562;-0.0584717609;0.0798095091;0.9950937119;0.9976534380;0.0402368713;0.0553950524;-0.0356184057;0.9959977091;-0.0819749518
Job_20250821_1307_Track01_Sphere_00248.jpg;400135.358577;389587.270;5819681.212;36.319;-162.1226054497;93.6595465863;-140.3446339205;-0.0588787086;0.0801238355;0.9950444556;0.9976043752;0.0409838030;0.0557300505;-0.0363154005;0.9959420158;-0.0823449622
Job_20250821_1307_Track01_Sphere_00249.jpg;400135.611105;389584.291;5819680.964;36.311;-160.5550888550;93.7719829754;-141.9123936204;-0.0597585091;0.0772595052;0.9952185134;0.9975501504;0.0409457457;0.0567198670;-0.0363678153;0.9961698724;-0.0795170877
Job_20250821_1307_Track01_Sphere_00250.jpg;400135.863866;389581.300;5819680.710;36.296;-159.7246430402;93.8028833017;-142.7114496048;-0.0604231772;0.0761250087;0.9952658051;0.9975276657;0.0404492303;0.0574666512;-0.0358830864;0.9962774929;-0.0783808732
Job_20250821_1307_Track01_Sphere_00251.jpg;400136.117562;389578.282;5819680.451;36.277;-157.5700358809;93.9903875173;-144.8166250142;-0.0610093771;0.0718508602;0.9955477436;0.9975157675;0.0395789712;0.0582734809;-0.0352157558;0.9966298003;-0.0740870544
Job_20250821_1307_Track01_Sphere_00252.jpg;400136.365348;389575.340;5819680.197;36.244;-160.4263276083;93.6848481808;-141.9237335466;-0.0606058048;0.0783261081;0.9950838946;0.9975667411;0.0391705384;0.0576737898;-0.0344606084;0.9961579642;-0.0805094824
Job_20250821_1307_Track01_Sphere_00253.jpg;400136.614238;389572.365;5819679.946;36.232;-161.3354972474;93.7024930490;-141.1069417835;-0.0594299398;0.0788769413;0.9951113055;0.9975852627;0.0405845607;0.0563607767;-0.0359405895;0.9960578907;-0.0810984122
Job_20250821_1307_Track01_Sphere_00254.jpg;400136.862433;389569.386;5819679.697;36.224;-163.7705817509;93.4942128570;-138.7146497100;-0.0582844015;0.0837255370;0.9947828723;0.9976319117;0.0413353236;0.0549723545;-0.0365170820;0.9956311694;-0.0859364722
Job_20250821_1307_Track01_Sphere_00255.jpg;400137.114660;389566.336;5819679.448;36.224;-164.2765821450;93.5025630068;-138.2741521792;-0.0576298822;0.0840192169;0.9947962444;0.9976310633;0.0423397465;0.0542181463;-0.0375640546;0.9955642205;-0.0862602153
Job_20250821_1307_Track01_Sphere_00256.jpg;400137.345353;389563.521;5819679.220;36.224;-162.0198166722;93.9920350107;-140.4754018432;-0.0559564417;0.0758202520;0.9955501826;0.9977474431;0.0411962973;0.0529424674;-0.0369988700;0.9962701212;-0.0779546608
Job_20250821_1307_Track01_Sphere_00257.jpg;400137.599377;389560.432;5819678.968;36.199;-164.9877806443;93.6324636635;-137.4331002790;-0.0553888191;0.0830840998;0.9950020659;0.9978280619;0.0401914592;0.0521900894;-0.0356544183;0.9957317304;-0.0851298037
Job_20250821_1307_Track01_Sphere_00258.jpg;400137.833935;389557.558;5819678.743;36.199;-164.1389309502;93.6623118122;-138.4482176151;-0.0564415990;0.0818063818;0.9950487736;0.9976729220;0.0428038265;0.0530713973;-0.0382503161;0.9957286520;-0.0840319284
Job_20250821_1307_Track01_Sphere_00259.jpg;400138.081196;389554.523;5819678.497;36.200;-162.9748054270;93.5544397422;-139.6852155669;-0.0590046024;0.0820631264;0.9948789374;0.9974848692;0.0440554901;0.0555252149;-0.0392733064;0.9956529300;-0.0844562036
Job_20250821_1307_Track01_Sphere_00260.jpg;400138.329590;389551.474;5819678.238;36.199;-162.8064691217;93.4277459866;-139.7167091891;-0.0602016964;0.0836407064;0.9946758205;0.9974991689;0.0420070416;0.0568402713;-0.0370292281;0.9956101851;-0.0859604303
Job_20250821_1307_Track01_Sphere_00261.jpg;400138.563063;389548.611;5819677.997;36.202;-164.1962624584;93.1426398000;-138.4319731534;-0.0610298337;0.0885048688;0.9942043289;0.9973935754;0.0438166460;0.0573250145;-0.0384891563;0.9951115464;-0.0909483102
Job_20250821_1307_Track01_Sphere_00262.jpg;400138.806279;389545.623;5819677.741;36.222;-164.3811992647;93.1302323800;-138.2182806290;-0.0608418686;0.0888691109;0.9941833574;0.9974224312;0.0433686286;0.0571634122;-0.0380363071;0.9950987103;-0.0912786731
Job_20250821_1307_Track01_Sphere_00263.jpg;400139.051364;389542.612;5819677.481;36.244;-165.8148656933;93.0647267261;-136.6094576484;-0.0591331898;0.0912365178;0.9940720113;0.9976257126;0.0406166609;0.0556167635;-0.0353016060;0.9950005953;-0.0934216888
Job_20250821_1307_Track01_Sphere_00264.jpg;400139.290926;389539.667;5819677.229;36.268;-165.0972446333;93.2407606436;-137.0972752655;-0.0583176999;0.0884852737;0.9943688462;0.9977908277;0.0369151844;0.0552334439;-0.0318199629;0.9953932015;-0.0904426031
Job_20250821_1307_Track01_Sphere_00265.jpg;400139.534271;389536.674;5819676.975;36.288;-165.1610303510;93.5369654332;-136.7152528187;-0.0552622817;0.0849544366;0.9948511567;0.9981048306;0.0317141305;0.0527348176;-0.0270707827;0.9958799916;-0.0865460288
Job_20250821_1307_Track01_Sphere_00266.jpg;400139.776866;389533.700;5819676.732;36.294;-165.8768366353;93.5092547005;-135.8878018149;-0.0543848272;0.0860315422;0.9948069483;0.9981987277;0.0299570875;0.0519795434;-0.0253296385;0.9958419285;-0.0875057870
Job_20250821_1307_Track01_Sphere_00267.jpg;400140.021667;389530.699;5819676.493;36.303;-165.5646210967;93.5512285236;-136.2171558902;-0.0544758327;0.0851964225;0.9948738378;0.9981864274;0.0302082361;0.0520703241;-0.0256171784;0.9959061362;-0.0866875315
Job_20250821_1307_Track01_Sphere_00268.jpg;400140.264008;389527.723;5819676.258;36.304;-163.1199811436;93.7090447358;-138.7684246234;-0.0564345050;0.0809222996;0.9951214640;0.9980323553;0.0318492939;0.0540096318;-0.0273233324;0.9962114253;-0.0825604724
Job_20250821_1307_Track01_Sphere_00269.jpg;400140.516588;389524.626;5819676.008;36.295;-161.9959744336;93.7105316346;-139.9274920478;-0.0578847494;0.0798626459;0.9951237680;0.9979349459;0.0324285775;0.0554457486;-0.0278424040;0.9962782468;-0.0815748453
Job_20250821_1307_Track01_Sphere_00270.jpg;400140.751621;389521.740;5819675.769;36.284;-159.0829464810;93.9267394885;-142.7483031528;-0.0592624372;0.0745739381;0.9954530081;0.9978907176;0.0308949142;0.0570930823;-0.0264967792;0.9967367918;-0.0762475485
Job_20250821_1307_Track01_Sphere_00271.jpg;400141.006767;389518.628;5819675.507;36.262;-163.2209414866;93.5457570845;-138.6950208088;-0.0577985998;0.0830823025;0.9948651431;0.9979457092;0.0323933103;0.0552723695;-0.0276348196;0.9960160664;-0.0847839152
Job_20250821_1307_Track01_Sphere_00272.jpg;400141.239006;389515.779;5819675.280;36.261;-161.7380155504;93.9269602110;-140.5253908109;-0.0566208612;0.0765945774;0.9954533383;0.9978396972;0.0376135000;0.0538624472;-0.0333169127;0.9963525959;-0.0785588187
Job_20250821_1307_Track01_Sphere_00273.jpg;400141.492543;389512.683;5819675.039;36.242;-163.2646940016;93.8908220829;-139.2463398976;-0.0553973529;0.0781776712;0.9953991084;0.9977710274;0.0414809443;0.0522714855;-0.0372036320;0.9960760930;-0.0803013498
Job_20250821_1307_Track01_Sphere_00274.jpg;400141.737223;389509.705;5819674.800;36.234;-164.2030819173;93.8169537859;-138.2337034039;-0.0547995295;0.0800017399;0.9952872616;0.9978476711;0.0403404343;0.0516979167;-0.0360143971;0.9959780976;-0.0820401866
Job_20250821_1307_Track01_Sphere_00275.jpg;400141.983669;389506.717;5819674.556;36.234;-164.4196782082;93.8287853974;-137.6710774210;-0.0539871863;0.0803293861;0.9953052665;0.9980721842;0.0349017278;0.0513204102;-0.0306153364;0.9961571458;-0.0820587719
Job_20250821_1307_Track01_Sphere_00276.jpg;400142.230747;389503.732;5819674.315;36.232;-163.3237467466;93.9666457812;-138.6173768895;-0.0539463901;0.0777470601;0.9955125221;0.9981415580;0.0324948537;0.0515510889;-0.0283410881;0.9964434149;-0.0793555517
Job_20250821_1307_Track01_Sphere_00277.jpg;400142.480176;389500.736;5819674.078;36.223;-163.0525096843;94.0324798136;-138.8191498371;-0.0536029445;0.0767317032;0.9956098483;0.9981892622;0.0313691522;0.0513241962;-0.0272932438;0.9965581880;-0.0782742412
Job_20250821_1307_Track01_Sphere_00278.jpg;400142.732102;389497.743;5819673.848;36.209;-165.6631239420;93.5392610775;-136.4939410989;-0.0549471597;0.0851158947;0.9948548106;0.9979928254;0.0360967098;0.0520321828;-0.0314822196;0.9957169839;-0.0869284639
Job_20250821_1307_Track01_Sphere_00279.jpg;400142.984442;389494.747;5819673.619;36.218;-163.3180024800;93.6829872031;-139.1466927994;-0.0571493020;0.0809182457;0.9950809991;0.9977045501;0.0408948165;0.0539744824;-0.0363261344;0.9958814445;-0.0830696121
Job_20250821_1307_Track01_Sphere_00280.jpg;400143.239226;389491.752;5819673.379;36.219;-163.0157783928;93.4723690287;-139.6519113717;-0.0597098008;0.0831356352;0.9947478102;0.9974406514;0.0442329180;0.0561746910;-0.0393304797;0.9955560834;-0.0855640009
Job_20250821_1307_Track01_Sphere_00281.jpg;400143.494525;389488.768;5819673.122;36.230;-161.5496395332;93.3863900072;-140.9548125197;-0.0622044479;0.0829711373;0.9946086653;0.9973896312;0.0417795117;0.0588930901;-0.0366678377;0.9956757820;-0.0853534235
Job_20250821_1307_Track01_Sphere_00282.jpg;400143.752570;389485.771;5819672.852;36.238;-158.2335421952;93.4613284653;-144.1777614043;-0.0655746021;0.0788169455;0.9947300441;0.9972267323;0.0403388466;0.0625429602;-0.0351968176;0.9960726211;-0.0812435688
Job_20250821_1307_Track01_Sphere_00283.jpg;400144.014383;389482.754;5819672.581;36.232;-157.1619605177;93.4864228258;-145.2243957304;-0.0666057657;0.0774309990;0.9947703817;0.9971720021;0.0399469989;0.0636571714;-0.0348090529;0.9961971078;-0.0798727247
Job_20250821_1307_Track01_Sphere_00284.jpg;400144.272516;389479.798;5819672.312;36.223;-157.7985310940;93.2297056972;-144.7009473814;-0.0685571645;0.0810378942;0.9943504286;0.9969838190;0.0419059658;0.0653234620;-0.0363755393;0.9958296791;-0.0836664234
Job_20250821_1307_Track01_Sphere_00285.jpg;400144.534627;389476.802;5819672.030;36.224;-157.0012450324;93.0553210587;-145.5169521262;-0.0713756616;0.0822089328;0.9940559372;0.9967813028;0.0423517078;0.0680688417;-0.0365040998;0.9957148308;-0.0849672083
Job_20250821_1307_Track01_Sphere_00286.jpg;400144.795591;389473.828;5819671.740;36.229;-153.9399658094;92.9522213809;-148.5870010958;-0.0763683072;0.0798358809;0.9938783194;0.9964109521;0.0426116436;0.0731400194;-0.0365115909;0.9958968219;-0.0828035251
Job_20250821_1307_Track01_Sphere_00287.jpg;400145.064867;389470.781;5819671.425;36.229;-153.7244819051;92.8733629097;-148.6449107311;-0.0772926485;0.0806551853;0.9937407044;0.9964294462;0.0402129780;0.0742379631;-0.0339735964;0.9959305485;-0.0834753692
Job_20250821_1307_Track01_Sphere_00288.jpg;400145.323512;389467.868;5819671.129;36.228;-152.7476922882;93.0265001708;-149.7001001093;-0.0769362948;0.0776645966;0.9940065478;0.9964097879;0.0413184576;0.0738939759;-0.0353318715;0.9961229821;-0.0805646533
Job_20250821_1307_Track01_Sphere_00289.jpg;400145.591810;389464.871;5819670.829;36.223;-153.8859027726;93.1244933976;-148.6264924965;-0.0745572617;0.0778458704;0.9941736444;0.9965508611;0.0422426737;0.0714278497;-0.0364361898;0.9960700663;-0.0807268672
Job_20250821_1307_Track01_Sphere_00290.jpg;400145.860321;389461.897;5819670.544;36.216;-156.2416507925;93.3311217349;-146.5004196734;-0.0697631535;0.0778879067;0.9945182635;0.9967519629;0.0456498502;0.0663446730;-0.0402321620;0.9959164449;-0.0808196014
Job_20250821_1307_Track01_Sphere_00291.jpg;400146.136359;389458.867;5819670.267;36.211;-160.4134739434;93.6608980403;-142.2876164413;-0.0612832900;0.0782731723;0.9950465662;0.9973212354;0.0446878525;0.0579081105;-0.0399338427;0.9959298702;-0.0808021155
Job_20250821_1307_Track01_Sphere_00292.jpg;400146.407605;389455.915;5819670.019;36.206;-164.1403280559;94.0832178945;-138.4380243132;-0.0526920856;0.0763980085;0.9956841308;0.9978715440;0.0423866595;0.0495555517;-0.0384177787;0.9961760464;-0.0784688402
Job_20250821_1307_Track01_Sphere_00293.jpg;400146.684843;389452.921;5819669.793;36.193;-166.8253114681;94.1313190197;-135.7920631933;-0.0490711452;0.0778848920;0.9957539688;0.9980281345;0.0428905123;0.0458284497;-0.0391390540;0.9960393303;-0.0798360000
Job_20250821_1307_Track01_Sphere_00294.jpg;400146.963357;389449.936;5819669.573;36.187;-169.3915102736;94.0815772617;-133.2197300735;-0.0462727180;0.0804780132;0.9956817388;0.9981634301;0.0427371162;0.0429337359;-0.0390973444;0.9958397603;-0.0823077723
Job_20250821_1307_Track01_Sphere_00295.jpg;400147.243369;389446.949;5819669.358;36.188;-171.7890562384;93.9853967166;-130.6302254123;-0.0436579480;0.0836265083;0.9955403511;0.9983930732;0.0396879344;0.0404492188;-0.0361283132;0.9957065205;-0.0852248204
Job_20250821_1307_Track01_Sphere_00296.jpg;400147.523295;389443.964;5819669.145;36.196;-173.4845371184;94.0280889266;-128.5187157160;-0.0405715822;0.0844265139;0.9956033901;0.9987345246;0.0330650370;0.0378952848;-0.0297202961;0.9958809503;-0.0856611750
Job_20250821_1307_Track01_Sphere_00297.jpg;400147.802269;389440.986;5819668.944;36.202;-174.3152085246;94.2036060564;-127.4946801111;-0.0380592319;0.0825750043;0.9958578531;0.9989152022;0.0299027164;0.0356965889;-0.0268312090;0.9961361334;-0.0836235016
Job_20250821_1307_Track01_Sphere_00298.jpg;400148.088023;389437.925;5819668.754;36.198;-175.1593889373;94.5109523181;-126.6459243252;-0.0350004787;0.0786813455;0.9962852063;0.9990236493;0.0296450143;0.0327554762;-0.0269576442;0.9964589399;-0.0796421146
Job_20250821_1307_Track01_Sphere_00299.jpg;400148.359881;389435.012;5819668.587;36.180;-176.5566105465;94.4819270679;-125.4374905603;-0.0336774351;0.0797499558;0.9962458406;0.9989837298;0.0325631177;0.0311632945;-0.0299555992;0.9962828855;-0.0807655506
Job_20250821_1307_Track01_Sphere_00300.jpg;400148.637915;389432.023;5819668.415;36.167;-177.3499083271;94.4211587427;-124.7051612294;-0.0331176613;0.0810122905;0.9961627524;0.9989732371;0.0335125832;0.0304857074;-0.0309142702;0.9961495448;-0.0820389685
Job_20250821_1307_Track01_Sphere_00301.jpg;400148.916320;389429.028;5819668.243;36.158;-177.2295489736;94.3123653888;-124.8342981162;-0.0339292466;0.0825192965;0.9960117328;0.9989435778;0.0337045468;0.0312367078;-0.0309924929;0.9960193619;-0.0835756911
Job_20250821_1307_Track01_Sphere_00302.jpg;400149.194415;389426.034;5819668.063;36.155;-175.2822273207;94.3697777273;-126.7483266417;-0.0360281104;0.0806419161;0.9960917913;0.9988878352;0.0332413543;0.0334380777;-0.0304149295;0.9961886838;-0.0817498522
Job_20250821_1307_Track01_Sphere_00303.jpg;400149.472236;389423.050;5819667.877;36.150;-174.1955160204;94.2022946447;-127.6410657966;-0.0382576356;0.0825058827;0.9958559799;0.9988964787;0.0303274362;0.0358618377;-0.0272429461;0.9961290207;-0.0835750917
Job_20250821_1307_Track01_Sphere_00304.jpg;400149.750456;389420.066;5819667.687;36.147;-174.8754807616;93.6738266898;-126.9702417487;-0.0407831792;0.0904374203;0.9950667341;0.9987999975;0.0307175853;0.0381443965;-0.0271163665;0.9954283013;-0.0915816559
Job_20250821_1307_Track01_Sphere_00305.jpg;400150.031114;389417.033;5819667.491;36.167;-173.1744199763;93.5729301108;-128.9069870031;-0.0442068860;0.0905721891;0.9949082519;0.9985520909;0.0345604135;0.0412225610;-0.0306508230;0.9952900363;-0.0919688571
Job_20250821_1307_Track01_Sphere_00306.jpg;400150.300472;389414.104;5819667.285;36.188;-170.6340837421;93.6567548329;-131.2610020553;-0.0469071970;0.0877207246;0.9950400943;0.9985159654;0.0317103109;0.0442755362;-0.0276691486;0.9956402617;-0.0890779858
Job_20250821_1307_Track01_Sphere_00307.jpg;400150.573297;389411.119;5819667.065;36.201;-168.4811352150;93.8456019180;-133.1680112941;-0.0480440374;0.0837160268;0.9953307979;0.9985602750;0.0278259160;0.0458595195;-0.0238568144;0.9961010718;-0.0849323681
Job_20250821_1307_Track01_Sphere_00308.jpg;400150.844638;389408.136;5819666.842;36.199;-165.3362462811;93.8811836745;-136.3854437436;-0.0519109115;0.0807141509;0.9953845906;0.9983411138;0.0290517110;0.0497093420;-0.0249053782;0.9963138180;-0.0820883561
Job_20250821_1307_Track01_Sphere_00309.jpg;400151.118029;389405.112;5819666.595;36.188;-161.9630448442;93.9772142620;-139.2572865728;-0.0546295658;0.0770660630;0.9955282178;0.9983614574;0.0212200717;0.0531423466;-0.0170297087;0.9968001457;-0.0780990302
Job_20250821_1307_Track01_Sphere_00310.jpg;400151.382421;389402.194;5819666.359;36.175;-165.7064569969;93.4327784992;-135.5979279095;-0.0546264486;0.0872912547;0.9946839639;0.9983433935;0.0227995905;0.0528265772;-0.0180670889;0.9959218923;-0.0883921081
Job_20250821_1307_Track01_Sphere_00311.jpg;400151.652449;389399.193;5819666.122;36.181;-162.5162427973;93.7766415001;-138.9114745689;-0.0560098012;0.0799299169;0.9952256581;0.9982269451;0.0245960689;0.0542033162;-0.0201461723;0.9964969853;-0.0811658177
Job_20250821_1307_Track01_Sphere_00312.jpg;400151.922728;389396.211;5819665.879;36.172;-161.2590564766;93.9490309480;-140.0986199185;-0.0559028394;0.0766935329;0.9954863005;0.9982526774;0.0234099111;0.0542546595;-0.0191432643;0.9967798544;-0.0778682050
Job_20250821_1307_Track01_Sphere_00313.jpg;400152.195517;389393.223;5819665.634;36.160;-162.6407242808;93.8404282835;-138.6281046203;-0.0550848323;0.0793592175;0.9953229505;0.9983246289;0.0220569275;0.0534923104;-0.0177086583;0.9966020302;-0.0804412636
Job_20250821_1307_Track01_Sphere_00314.jpg;400152.470192;389390.234;5819665.394;36.151;-162.0382517993;93.7969088469;-139.3622444375;-0.0563906915;0.0792731445;0.9952566797;0.9982139673;0.0241677923;0.0546332620;-0.0197222062;0.9965599261;-0.0804943986
Job_20250821_1307_Track01_Sphere_00315.jpg;400152.746918;389387.238;5819665.150;36.150;-159.1705624250;94.0094096164;-142.2489841075;-0.0578793883;0.0740180819;0.9955758635;0.9981209638;0.0243814003;0.0562146677;-0.0201126317;0.9969588110;-0.0752901797
Job_20250821_1307_Track01_Sphere_00316.jpg;400153.033960;389384.200;5819664.893;36.136;-158.4194291654;93.8902745180;-143.0069449885;-0.0599214648;0.0747774950;0.9953982843;0.9980003376;0.0245857687;0.0582311431;-0.0201182530;0.9968971192;-0.0761011805
Job_20250821_1307_Track01_Sphere_00317.jpg;400153.323422;389381.226;5819664.636;36.121;-158.6779923004;93.4849689577;-142.8822809327;-0.0637268344;0.0798462233;0.9947680490;0.9977269191;0.0269780177;0.0617509633;-0.0219062889;0.9964420541;-0.0813839500
Job_20250821_1307_Track01_Sphere_00318.jpg;400153.622676;389378.220;5819664.365;36.119;-155.1638274450;93.3520489006;-146.5515717805;-0.0696073964;0.0775884782;0.9945525820;0.9972816169;0.0295676086;0.0674917267;-0.0241699611;0.9965469304;-0.0794356872
Job_20250821_1307_Track01_Sphere_00319.jpg;400153.923671;389375.229;5819664.084;36.107;-146.3903426739;93.2805397427;-155.7559744751;-0.0809179990;0.0674652994;0.9944348701;0.9962428621;0.0363665980;0.0785979031;-0.0308615821;0.9970586261;-0.0701545353
Job_20250821_1307_Track01_Sphere_00320.jpg;400154.229944;389372.229;5819663.761;36.065;-140.2881775735;92.9032165864;-162.1160534779;-0.0921226397;0.0623612863;0.9937929811;0.9951422914;0.0405622827;0.0897024031;-0.0347165546;0.9972290465;-0.0657950579
Job_20250821_1307_Track01_Sphere_00321.jpg;400154.539569;389369.264;5819663.394;36.032;-141.3304727583;91.3632346225;-161.2640852183;-0.1109765790;0.0773098927;0.9908114752;0.9931640256;0.0449276330;0.1077345167;-0.0361858704;0.9959943214;-0.0817673193
Job_20250821_1307_Track01_Sphere_00322.jpg;400154.848762;389366.308;5819662.963;36.033;-138.2516199595;90.5660775164;-164.1039067531;-0.1247905540;0.0789090806;0.9890402796;0.9916748090;0.0418235768;0.1217861307;-0.0317551705;0.9960040891;-0.0834713348
Job_20250821_1307_Track01_Sphere_00323.jpg;400155.162105;389363.315;5819662.507;36.020;-136.1129940013;89.8522749047;-166.5459381580;-0.1373099397;0.0796235042;0.9873226818;0.9898787462;0.0471176865;0.1338655721;-0.0358615146;0.9957108120;-0.0852873412
Job_20250821_1307_Track01_Sphere_00324.jpg;400155.464345;389360.398;5819662.013;36.018;-135.3295683545;89.2956811517;-167.2038859911;-0.1456319153;0.0824499547;0.9858972311;0.9887776409;0.0456902359;0.1422363501;-0.0333184964;0.9955472903;-0.0881786282
Job_20250821_1307_Track01_Sphere_00325.jpg;400155.760748;389357.478;5819661.495;36.015;-135.4907153738;89.0877565363;-166.6949989911;-0.1477567493;0.0852197440;0.9853453903;0.9886382634;0.0405394411;0.1447443877;-0.0276102718;0.9955371158;-0.0902414758
Job_20250821_1307_Track01_Sphere_00326.jpg;400156.054140;389354.504;5819660.981;36.008;-135.4869375803;89.0275396751;-167.0590728645;-0.1490516361;0.0848343445;0.9851836092;0.9882729151;0.0462014750;0.1455406096;-0.0331700936;0.9953233433;-0.0907258904
Job_20250821_1307_Track01_Sphere_00327.jpg;400156.330739;389351.618;5819660.476;36.010;-137.3551626094;88.9138767431;-165.2099837393;-0.1480276134;0.0900411812;0.9848758355;0.9884282276;0.0468274057;0.1442803971;-0.0331280029;0.9948365593;-0.0959309943
Job_20250821_1307_Track01_Sphere_00328.jpg;400156.604769;389348.683;5819659.966;36.027;-136.6105542530;89.2013573709;-165.8157646962;-0.1450546590;0.0863526616;0.9856481947;0.9889253974;0.0442638259;0.1416589995;-0.0313959285;0.9952808305;-0.0918170143
Job_20250821_1307_Track01_Sphere_00329.jpg;400156.874898;389345.747;5819659.467;36.036;-135.9273171361;89.6522897330;-166.4393221336;-0.1398561725;0.0814133016;0.9868191959;0.9896841282;0.0427694168;0.1367336947;-0.0310737400;0.9957623468;-0.0865550194
Job_20250821_1307_Track01_Sphere_00330.jpg;400157.152747;389342.708;5819658.968;36.032;-134.1159640022;90.4065237005;-168.1464674235;-0.1317209523;0.0720200619;0.9886671338;0.9908189440;0.0402053317;0.1290788578;-0.0304534228;0.9965925155;-0.0766547263
Job_20250821_1307_Track01_Sphere_00331.jpg;400157.420478;389339.801;5819658.520;36.012;-136.7127475354;90.7947414348;-165.7686330839;-0.1237590986;0.0737993260;0.9895642197;0.9917268821;0.0434480308;0.1207893204;-0.0340804463;0.9963262157;-0.0785658646
Job_20250821_1307_Track01_Sphere_00332.jpg;400157.694051;389336.840;5819658.092;35.999;-140.9940830304;90.9786914816;-161.7098755485;-0.1164477506;0.0799160071;0.9899764407;0.9924886504;0.0469968794;0.1129494231;-0.0374993365;0.9956930878;-0.0847884109
Job_20250821_1307_Track01_Sphere_00333.jpg;400157.970277;389333.853;5819657.665;36.001;-142.7409212677;91.4527984426;-159.5707007241;-0.1077588734;0.0794071299;0.9910007734;0.9936684677;0.0404828402;0.1048051336;-0.0317962511;0.9960199031;-0.0832667463
Job_20250821_1307_Track01_Sphere_00334.jpg;400158.244459;389330.895;5819657.274;36.001;-144.2800593716;91.8300408814;-158.0468260059;-0.1011828484;0.0783663268;0.9917765625;0.9943408909;0.0404081942;0.0982515675;-0.0323762855;0.9961053642;-0.0820114593
Job_20250821_1307_Track01_Sphere_00335.jpg;400158.520228;389327.922;5819656.907;35.996;-146.2830503027;92.1188767629;-156.2217882234;-0.0954169385;0.0783774463;0.9923470077;0.9948075562;0.0429652022;0.0922600541;-0.0354052824;0.9959974735;-0.0820700839
Job_20250821_1307_Track01_Sphere_00336.jpg;400158.794932;389324.949;5819656.552;35.988;-147.8045358526;92.4683226317;-154.6112091915;-0.0892820590;0.0772020326;0.9930098489;0.9954145826;0.0412798518;0.0862889478;-0.0343296173;0.9961605393;-0.0805335792
Job_20250821_1307_Track01_Sphere_00337.jpg;400159.076694;389321.886;5819656.210;35.974;-150.7109215536;92.7389257403;-151.7514481108;-0.0826587925;0.0782313177;0.9935025843;0.9959526936;0.0417918178;0.0795718293;-0.0352952700;0.9960588863;-0.0813691528
Job_20250821_1307_Track01_Sphere_00338.jpg;400159.339835;389319.012;5819655.907;35.964;-154.0017005618;92.9214182909;-148.5449606462;-0.0766477422;0.0802340097;0.9938247468;0.9963791655;0.0429450029;0.0733776894;-0.0367924204;0.9958505061;-0.0832351331
Job_20250821_1307_Track01_Sphere_00339.jpg;400159.611758;389316.028;5819655.610;35.962;-158.6042505483;93.2120477900;-143.8409151607;-0.0676314414;0.0821695795;0.9943209484;0.9970776551;0.0410536097;0.0644263216;-0.0355265803;0.9957724446;-0.0847059665
Job_20250821_1307_Track01_Sphere_00340.jpg;400159.880215;389313.060;5819655.340;35.963;-162.1654272073;93.5688541190;-140.1620548363;-0.0594847385;0.0814369695;0.9949017971;0.9976479639;0.0388570388;0.0564683157;-0.0340603293;0.9959207551;-0.0835568276
Job_20250821_1307_Track01_Sphere_00341.jpg;400160.149679;389310.061;5819655.093;35.959;-165.0119919832;93.7846289753;-137.2846608847;-0.0538801920;0.0812308772;0.9952378959;0.9979744041;0.0381407973;0.0509153061;-0.0338232719;0.9959652726;-0.0831213698
Job_20250821_1307_Track01_Sphere_00342.jpg;400160.413796;389307.101;5819654.866;35.951;-165.7142038045;93.9464272695;-136.6558714709;-0.0516978291;0.0796372367;0.9954824182;0.9980454418;0.0391639279;0.0486978723;-0.0351088377;0.9960542642;-0.0815062712
Job_20250821_1307_Track01_Sphere_00343.jpg;400160.679084;389304.108;5819654.640;35.939;-165.2330380689;94.0716739111;-137.1156667279;-0.0511933274;0.0776266685;0.9956672856;0.9980806362;0.0387635685;0.0482952316;-0.0348466191;0.9962286314;-0.0794621107
Job_20250821_1307_Track01_Sphere_00344.jpg;400160.939717;389301.151;5819654.417;35.921;-165.1714416428;93.9810609315;-137.3269474408;-0.0522347554;0.0786367392;0.9955339239;0.9979445537;0.0411697485;0.0491092606;-0.0371240892;0.9960528676;-0.0806255973
Job_20250821_1307_Track01_Sphere_00345.jpg;400161.201112;389298.170;5819654.190;35.905;-165.9912818945;93.7271297250;-136.6015406123;-0.0534942449;0.0825586909;0.9951494502;0.9978277545;0.0427893436;0.0500883662;-0.0384465618;0.9956671807;-0.0846683368
Job_20250821_1307_Track01_Sphere_00346.jpg;400161.460827;389295.187;5819653.963;35.900;-165.9803388363;93.5769896177;-136.8136287190;-0.0550516229;0.0843451543;0.9949146766;0.9976214752;0.0460423402;0.0512981004;-0.0414814538;0.9953722911;-0.0866792428
Job_20250821_1307_Track01_Sphere_00347.jpg;400161.718766;389292.206;5819653.725;35.904;-165.1275994819;93.4726039899;-137.6734906291;-0.0570957349;0.0849477466;0.9947481879;0.9975064588;0.0462552146;0.0533040309;-0.0414842336;0.9953111752;-0.0873769014
Job_20250821_1307_Track01_Sphere_00348.jpg;400161.974900;389289.228;5819653.478;35.909;-164.0433318549;93.4502957295;-138.6448756474;-0.0585840478;0.0843529943;0.9947122608;0.9974941242;0.0445383463;0.0549709727;-0.0396658730;0.9954400575;-0.0867508528
Job_20250821_1307_Track01_Sphere_00349.jpg;400162.229778;389286.249;5819653.226;35.914;-163.1080624041;93.4248478402;-139.5146081080;-0.0599622037;0.0838682361;0.9946711281;0.9974543603;0.0435589678;0.0564572010;-0.0385918818;0.9955243519;-0.0862666295
Job_20250821_1307_Track01_Sphere_00350.jpg;400162.482271;389283.278;5819652.971;35.917;-161.7005015664;93.5493019138;-140.8588118378;-0.0605553747;0.0810258201;0.9948707771;0.9974541712;0.0425160990;0.0572499571;-0.0376592997;0.9958047990;-0.0833941206
Job_20250821_1307_Track01_Sphere_00351.jpg;400162.734820;389280.296;5819652.714;35.910;-161.6163634395;93.5327286303;-140.8779607190;-0.0607348515;0.0812150131;0.9948444097;0.9974816800;0.0415119791;0.0575069883;-0.0366275295;0.9958317515;-0.0835317116
Job_20250821_1307_Track01_Sphere_00352.jpg;400162.985900;389277.318;5819652.459;35.902;-162.2202024486;93.4443687726;-140.2441370777;-0.0607391042;0.0829295479;0.9947026949;0.9975004647;0.0410899884;0.0574842220;-0.0361051816;0.9957079406;-0.0852180317
Job_20250821_1307_Track01_Sphere_00353.jpg;400163.236338;389274.332;5819652.205;35.900;-162.4705272013;93.3505075939;-140.1457532451;-0.0614755406;0.0842077184;0.9945500581;0.9973691087;0.0435320454;0.0579639712;-0.0384137845;0.9954968715;-0.0866623331
Job_20250821_1307_Track01_Sphere_00354.jpg;400163.483249;389271.369;5819651.948;35.902;-161.7147652374;93.3920352510;-140.8432574202;-0.0620061800;0.0830093505;0.9946178570;0.9973704842;0.0426101502;0.0586216027;-0.0375146752;0.9956373953;-0.0854331687
Job_20250821_1307_Track01_Sphere_00355.jpg;400163.730137;389268.390;5819651.688;35.902;-161.0013870148;93.4735198298;-141.4591685416;-0.0620346072;0.0813930027;0.9947496603;0.9974232083;0.0410417093;0.0588431957;-0.0360368020;0.9958367121;-0.0837292762
Job_20250821_1307_Track01_Sphere_00356.jpg;400163.975890;389265.411;5819651.427;35.896;-161.0112916621;93.4235384294;-141.4013550910;-0.0624334935;0.0820708518;0.9946690073;0.9974265190;0.0403277402;0.0592791066;-0.0352476665;0.9958102473;-0.0843774457
Job_20250821_1307_Track01_Sphere_00357.jpg;400164.220689;389262.426;5819651.166;35.890;-161.2239190494;93.6251111900;-141.1276949353;-0.0601837941;0.0798233203;0.9949905268;0.9975924082;0.0392191380;0.0571948102;-0.0344571911;0.9960371965;-0.0819914948
Job_20250821_1307_Track01_Sphere_00358.jpg;400164.463854;389259.445;5819650.921;35.877;-163.1179889147;93.7043253470;-139.4480030832;-0.0573379439;0.0803753287;0.9951141476;0.9976343752;0.0424731627;0.0540526025;-0.0379211494;0.9958593460;-0.0826205147
Job_20250821_1307_Track01_Sphere_00359.jpg;400164.705970;389256.465;5819650.682;35.866;-165.4105811852;93.5929985088;-137.3066885938;-0.0555648490;0.0837078082;0.9949399733;0.9976424813;0.0448493233;0.0519424455;-0.0402743963;0.9954805578;-0.0860025113
Job_20250821_1307_Track01_Sphere_00360.jpg;400164.946451;389253.489;5819650.442;35.867;-166.2821138234;93.6852358800;-136.2254436694;-0.0533584248;0.0834249424;0.9950844977;0.9978862683;0.0414705326;0.0500318945;-0.0370927762;0.9956507791;-0.0854614068
Job_20250821_1307_Track01_Sphere_00361.jpg;400165.193704;389250.419;5819650.198;35.870;-167.5245913293;93.7536824321;-134.8267756023;-0.0509562785;0.0836632300;0.9951903947;0.9980963627;0.0389325059;0.0478321106;-0.0347434670;0.9957332594;-0.0854878212
Job_20250821_1307_Track01_Sphere_00362.jpg;400165.425783;389247.527;5819649.976;35.871;-168.1671590762;93.8564549592;-134.0225984084;-0.0490770358;0.0829175449;0.9953472386;0.9982722577;0.0363095635;0.0461964847;-0.0323101246;0.9958947215;-0.0845562505
Job_20250821_1307_Track01_Sphere_00363.jpg;400165.664054;389244.546;5819649.757;35.866;-168.3013445759;94.0491088898;-133.8872774754;-0.0473717515;0.0804259305;0.9956342636;0.9983508964;0.0361686130;0.0445793580;-0.0324253740;0.9961041618;-0.0820066704
Job_20250821_1307_Track01_Sphere_00364.jpg;400165.904404;389241.529;5819649.546;35.855;-169.0448752641;94.0342223103;-133.3740845435;-0.0468384248;0.0810067358;0.9956124099;0.9982518918;0.0397627883;0.0437273502;-0.0360461156;0.9959200919;-0.0827275536
Job_20250821_1307_Track01_Sphere_00365.jpg;400166.144953;389238.494;5819649.334;35.844;-167.2550316581;93.8660285106;-135.4120160724;-0.0507958400;0.0816996639;0.9953617169;0.9979177129;0.0438195329;0.0473295553;-0.0397494767;0.9956932326;-0.0837553917
Job_20250821_1307_Track01_Sphere_00366.jpg;400166.374368;389235.588;5819649.111;35.838;-165.7002281035;93.6944370973;-136.9547180133;-0.0542316936;0.0826879747;0.9950988002;0.9977513625;0.0437945373;0.0507371374;-0.0393845404;0.9956127447;-0.0848770914
Job_20250821_1307_Track01_Sphere_00367.jpg;400166.608100;389232.617;5819648.866;35.838;-164.8728600921;93.3838932808;-137.5427141024;-0.0576919314;0.0862167939;0.9946045976;0.9977073412;0.0402852138;0.0543798024;-0.0353794067;0.9954615844;-0.0883432599
Job_20250821_1307_Track01_Sphere_00368.jpg;400166.842084;389229.627;5819648.609;35.847;-162.4191018604;93.4681131328;-139.7797855486;-0.0599155715;0.0830694666;0.9947409653;0.9976911204;0.0369073625;0.0570111825;-0.0319773769;0.9958600857;-0.0850889949
Job_20250821_1307_Track01_Sphere_00369.jpg;400167.092559;389226.425;5819648.332;35.846;-161.0854755823;93.5585028834;-140.9303487391;-0.0605601776;0.0808426433;0.9948853863;0.9977388723;0.0340084515;0.0579704064;-0.0291480305;0.9961465215;-0.0827194057
Job_20250821_1307_Track01_Sphere_00370.jpg;400167.309372;389223.657;5819648.099;35.840;-160.6310101223;93.5715140372;-141.5765010203;-0.0612540214;0.0800623279;0.9949060099;0.9976044044;0.0370140128;0.0584415543;-0.0321464969;0.9961023976;-0.0821377881
Job_20250821_1307_Track01_Sphere_00371.jpg;400167.542530;389220.686;5819647.847;35.831;-160.3965411926;93.5127428109;-141.9478777755;-0.0622823441;0.0804298010;0.9948125234;0.9974711836;0.0392078173;0.0592788744;-0.0342366396;0.9959888524;-0.0826683636
Job_20250821_1307_Track01_Sphere_00372.jpg;400167.778112;389217.692;5819647.587;35.827;-160.3706561019;93.4865470130;-142.0425778890;-0.0626530215;0.0806603380;0.9947705810;0.9974111956;0.0403059175;0.0595511541;-0.0352917248;0.9959263742;-0.0829768117
Job_20250821_1307_Track01_Sphere_00373.jpg;400168.014360;389214.699;5819647.325;35.825;-160.0526613235;93.4168552173;-142.3879908046;-0.0637623830;0.0811755538;0.9946581765;0.9973278925;0.0407946610;0.0606042109;-0.0356571628;0.9958646118;-0.0835598088
Job_20250821_1307_Track01_Sphere_00374.jpg;400168.259583;389211.602;5819647.046;35.828;-160.0295668728;93.4403495807;-142.2470613824;-0.0633564150;0.0810273283;0.9946962032;0.9974415854;0.0382078704;0.0604188909;-0.0331096423;0.9959792823;-0.0832407405
Job_20250821_1307_Track01_Sphere_00375.jpg;400168.487342;389208.734;5819646.789;35.829;-160.0916919218;93.4948526237;-142.0596795895;-0.0625950463;0.0805410305;0.9947838974;0.9975513686;0.0362032431;0.0598380491;-0.0311949851;0.9960936038;-0.0826099589
Job_20250821_1307_Track01_Sphere_00376.jpg;400168.725048;389205.749;5819646.529;35.826;-159.8730036917;93.5300883320;-142.3368564178;-0.0626053482;0.0798344611;0.9948402028;0.9975209393;0.0370985331;0.0597969445;-0.0321332554;0.9961175421;-0.0819591132
Job_20250821_1307_Track01_Sphere_00377.jpg;400168.963393;389202.766;5819646.270;35.821;-160.1281181286;93.5497298720;-142.1692822123;-0.0622062165;0.0797569470;0.9948714570;0.9975001322;0.0384500456;0.0592881126;-0.0335242141;0.9960724991;-0.0819493970
Job_20250821_1307_Track01_Sphere_00378.jpg;400169.203137;389199.771;5819646.012;35.816;-160.4647124639;93.5432468482;-141.9179112815;-0.0619528019;0.0800820799;0.9948611515;0.9974701105;0.0397824422;0.0589129521;-0.0348601345;0.9959940852;-0.0823441148
Job_20250821_1307_Track01_Sphere_00379.jpg;400169.443115;389196.777;5819645.754;35.809;-159.7882862940;93.6369015488;-142.6916261175;-0.0620118715;0.0781765267;0.9950090243;0.9974099256;0.0412533751;0.0589202802;-0.0364412977;0.9960856337;-0.0805322427
Job_20250821_1307_Track01_Sphere_00380.jpg;400169.682763;389193.807;5819645.496;35.800;-161.2574055082;93.4414615101;-141.1546306340;-0.0619462725;0.0820886650;0.9946979996;0.9974565046;0.0402986186;0.0587923698;-0.0352587682;0.9958099580;-0.0843762220
Job_20250821_1307_Track01_Sphere_00381.jpg;400169.925337;389190.809;5819645.232;35.806;-161.3725002586;93.4651152747;-140.8586742785;-0.0613427325;0.0820797101;0.9947361411;0.9975890835;0.0374442783;0.0584289867;-0.0324513426;0.9959221090;-0.0841787572
Job_20250821_1307_Track01_Sphere_00382.jpg;400170.169717;389187.802;5819644.970;35.812;-161.1004708117;93.5319857162;-141.0124436527;-0.0609132512;0.0810958150;0.9948432261;0.9976724647;0.0355490176;0.0581886626;-0.0306468423;0.9960721541;-0.0830724679
Job_20250821_1307_Track01_Sphere_00383.jpg;400170.412320;389184.830;5819644.716;35.814;-160.8232850053;93.6328037329;-141.3106862524;-0.0603403344;0.0795542049;0.9950025993;0.9976948737;0.0358125707;0.0576402532;-0.0310480764;0.9961870247;-0.0815317649
Job_20250821_1307_Track01_Sphere_00384.jpg;400170.657251;389181.848;5819644.464;35.810;-160.7614905660;93.6615142539;-141.4639923603;-0.0602596949;0.0790517897;0.9950475284;0.9976534806;0.0372274789;0.0574599644;-0.0325007978;0.9961751499;-0.0811096097
Job_20250821_1307_Track01_Sphere_00385.jpg;400170.902140;389178.881;5819644.215;35.805;-161.5491469220;93.5826023130;-140.7661729458;-0.0601264690;0.0806965420;0.9949235528;0.9976161608;0.0386728153;0.0571525064;-0.0338644851;0.9959881934;-0.0828294343
Job_20250821_1307_Track01_Sphere_00386.jpg;400171.149711;389175.889;5819643.964;35.801;-161.4821189748;93.6584769044;-140.9455105723;-0.0596423545;0.0795779240;0.9950427848;0.9975819893;0.0403801367;0.0565651770;-0.0356786243;0.9960104410;-0.0817938701
Job_20250821_1307_Track01_Sphere_00387.jpg;400171.396247;389172.914;5819643.713;35.797;-161.2421881697;93.6833716804;-141.1577064908;-0.0596728663;0.0790680946;0.9950815974;0.9975951189;0.0399336744;0.0566505106;-0.0352580166;0.9960690428;-0.0812609020
Job_20250821_1307_Track01_Sphere_00388.jpg;400171.644259;389169.926;5819643.460;35.789;-161.0086574735;93.7118012973;-141.3374749184;-0.0596272026;0.0785453273;0.9951257349;0.9976266623;0.0390765346;0.0566927433;-0.0344331151;0.9961443952;-0.0806889371
Job_20250821_1307_Track01_Sphere_00389.jpg;400171.892438;389166.942;5819643.209;35.780;-161.5217005190;93.6906893903;-140.8001323607;-0.0591594312;0.0793103295;0.9950929772;0.9976676927;0.0386984027;0.0562281832;-0.0340490331;0.9960985419;-0.0814147289
Job_20250821_1307_Track01_Sphere_00390.jpg;400172.147246;389163.880;5819642.958;35.771;-161.6695934910;93.7278909266;-140.8150671656;-0.0588302375;0.0788304120;0.9951506264;0.9975957809;0.0412201910;0.0557095485;-0.0366286922;0.9960354723;-0.0810658801
Job_20250821_1307_Track01_Sphere_00391.jpg;400172.389067;389160.974;5819642.721;35.760;-162.3423667635;93.6674533998;-140.2737389252;-0.0587163741;0.0800896848;0.9950567973;0.9975259898;0.0433051669;0.0553765495;-0.0386560103;0.9958465268;-0.0824342645
Job_20250821_1307_Track01_Sphere_00392.jpg;400172.637654;389157.983;5819642.476;35.754;-162.7445722880;93.6451406630;-139.9021978318;-0.0584525169;0.0807134551;0.9950219301;0.9975230284;0.0437904630;0.0550472813;-0.0391294147;0.9957749412;-0.0830731930
Job_20250821_1307_Track01_Sphere_00393.jpg;400172.884953;389155.008;5819642.228;35.752;-164.4461634089;93.4041070274;-138.1035537189;-0.0582712869;0.0854442989;0.9946374862;0.9975970476;0.0423877681;0.0548033544;-0.0374778289;0.9954408817;-0.0877089701
Job_20250821_1307_Track01_Sphere_00394.jpg;400173.136392;389151.972;5819641.975;35.762;-164.1048290814;93.4716314782;-138.4214745608;-0.0580984724;0.0842835750;0.9947466243;0.9976192902;0.0419842765;0.0547089787;-0.0371526490;0.9955569293;-0.0865221426
Job_20250821_1307_Track01_Sphere_00395.jpg;400173.379496;389149.035;5819641.729;35.770;-163.7869032911;93.4773094503;-138.5742429773;-0.0582500300;0.0840709879;0.9947557504;0.9977034983;0.0394022291;0.0550925937;-0.0345639052;0.9956804374;-0.0861730998
Job_20250821_1307_Track01_Sphere_00396.jpg;400173.625636;389146.056;5819641.479;35.777;-162.4983849199;93.5841951321;-139.7061103628;-0.0587599448;0.0816662938;0.9949260703;0.9977540671;0.0369094801;0.0558973326;-0.0321572760;0.9959760573;-0.0836516758
Job_20250821_1307_Track01_Sphere_00397.jpg;400173.872187;389143.074;5819641.233;35.775;-162.1162958318;93.5909435050;-140.2461590413;-0.0593882819;0.0810798136;0.9949367295;0.9976343348;0.0393906232;0.0563392657;-0.0346232007;0.9959289345;-0.0832273473
Job_20250821_1307_Track01_Sphere_00398.jpg;400174.126136;389140.007;5819640.977;35.769;-161.1048347464;93.6100962608;-141.3679530596;-0.0606265980;0.0797824650;0.9949669210;0.9974988401;0.0411315345;0.0574827010;-0.0363384047;0.9959633302;-0.0820765813
Job_20250821_1307_Track01_Sphere_00399.jpg;400174.366144;389137.115;5819640.726;35.764;-161.3937362504;93.5677306920;-140.9132072767;-0.0604519787;0.0807435064;0.9949000173;0.9976014542;0.0385562381;0.0574869987;-0.0337179001;0.9959889069;-0.0828806403
Job_20250821_1307_Track01_Sphere_00400.jpg;400174.614328;389134.124;5819640.470;35.762;-161.8055285446;93.5567473589;-140.4410158806;-0.0599532831;0.0813278246;0.9948826005;0.9976629683;0.0376070026;0.0570466049;-0.0327750762;0.9959776595;-0.0833924222
Job_20250821_1307_Track01_Sphere_00401.jpg;400174.862054;389131.139;5819640.222;35.760;-161.8929519031;93.5948635745;-140.4911671558;-0.0596634915;0.0808013683;0.9949429163;0.9976061948;0.0397332303;0.0565963820;-0.0349592309;0.9959379545;-0.0829785688
Job_20250821_1307_Track01_Sphere_00402.jpg;400175.114772;389128.098;5819639.972;35.756;-161.9917988377;93.5737454959;-140.6204628816;-0.0600240588;0.0809451306;0.9949095427;0.9974536411;0.0433205411;0.0566530189;-0.0385142337;0.9957766901;-0.0833392900
Job_20250821_1307_Track01_Sphere_00403.jpg;400175.358030;389125.172;5819639.726;35.753;-160.8853196595;93.6728877117;-141.7331525690;-0.0604850159;0.0786553866;0.9950652707;0.9974201068;0.0433743622;0.0571996083;-0.0386612641;0.9959578279;-0.0810759631
Job_20250821_1307_Track01_Sphere_00404.jpg;400175.606854;389122.185;5819639.472;35.745;-161.4108105532;93.5882573473;-141.1455922153;-0.0605531162;0.0802662096;0.9949324880;0.9974551535;0.0424498343;0.0572820078;-0.0376369096;0.9958691416;-0.0826324141
Job_20250821_1307_Track01_Sphere_00405.jpg;400175.855061;389119.205;5819639.217;35.741;-160.8287722964;93.5917955990;-141.7068659755;-0.0612247276;0.0796853834;0.9949380747;0.9974267825;0.0421360487;0.0580031635;-0.0373007549;0.9959291105;-0.0820601036
Job_20250821_1307_Track01_Sphere_00406.jpg;400176.110201;389116.152;5819638.953;35.736;-162.6112782956;93.3201615720;-139.8897978614;-0.0614144681;0.0848382099;0.9945002470;0.9974413667;0.0417452843;0.0580349135;-0.0365921174;0.9955198689;-0.0871849045
Job_20250821_1307_Track01_Sphere_00407.jpg;400176.353198;389113.236;5819638.698;35.746;-162.7759091714;93.3090166318;-139.5303721822;-0.0610358000;0.0853251934;0.9944818965;0.9975718357;0.0386962869;0.0579053546;-0.0335419712;0.9956014307;-0.0874798686
Job_20250821_1307_Track01_Sphere_00408.jpg;400176.600956;389110.253;5819638.437;35.757;-161.5219347309;93.4972803103;-140.6285936369;-0.0607462667;0.0818971965;0.9947877866;0.9976649072;0.0361529880;0.0579456151;-0.0312189675;0.9959848446;-0.0839021180
Job_20250821_1307_Track01_Sphere_00409.jpg;400176.848586;389107.271;5819638.180;35.754;-161.4108007506;93.4948370306;-140.7267155087;-0.0608952143;0.0818341005;0.9947838724;0.9976623269;0.0359537794;0.0581137447;-0.0310105539;0.9959972418;-0.0838322122
Job_20250821_1307_Track01_Sphere_00410.jpg;400177.103000;389104.195;5819637.916;35.749;-160.5756478981;93.6421188981;-141.5332784973;-0.0605297353;0.0792270494;0.9950171987;0.9976954763;0.0354191377;0.0578724563;-0.0306575872;0.9962271625;-0.0811883798
Job_20250821_1307_Track01_Sphere_00411.jpg;400177.343347;389101.283;5819637.668;35.738;-161.6946522357;93.5648292779;-140.4230231514;-0.0598553795;0.0812430813;0.9948954193;0.9977329401;0.0355844834;0.0571202657;-0.0307622131;0.9960588870;-0.0831888211
Job_20250821_1307_Track01_Sphere_00412.jpg;400177.587595;389098.312;5819637.419;35.730;-162.6767871045;93.4783139537;-139.5442875368;-0.0595151089;0.0831609182;0.9947573641;0.9977034047;0.0372402085;0.0565781153;-0.0323398836;0.9958400617;-0.0851862863
Job_20250821_1307_Track01_Sphere_00413.jpg;400177.830320;389095.348;5819637.171;35.728;-163.0546177311;93.4221446641;-139.2437449115;-0.0596292446;0.0841570593;0.9946667495;0.9976577647;0.0384807734;0.0565527602;-0.0335162318;0.9957092043;-0.0862545231
Job_20250821_1307_Track01_Sphere_00414.jpg;400178.081493;389092.268;5819636.909;35.733;-163.7201881232;93.4023728812;-138.4426260596;-0.0587409306;0.0851550300;0.9946346686;0.9977792495;0.0363497095;0.0558145848;-0.0314017886;0.9957044338;-0.0871011377
Job_20250821_1307_Track01_Sphere_00415.jpg;400178.315613;389089.386;5819636.666;35.738;-163.4641015656;93.4619657722;-138.7049904473;-0.0585595177;0.0841479671;0.9947310705;0.9977856184;0.0364134069;0.0556589937;-0.0315379561;0.9957877201;-0.0860939829
Job_20250821_1307_Track01_Sphere_00416.jpg;400178.556474;389086.410;5819636.417;35.739;-163.0010653195;93.5888514150;-139.1023533821;-0.0579408690;0.0821604107;0.9949334262;0.9978511270;0.0353075982;0.0551951248;-0.0305938555;0.9959934942;-0.0840296113
Job_20250821_1307_Track01_Sphere_00417.jpg;400178.797719;389083.422;5819636.169;35.735;-163.1265553307;93.6149434271;-138.9892393264;-0.0575603740;0.0819295616;0.9949745476;0.9978664687;0.0354794853;0.0548061743;-0.0308109390;0.9960064021;-0.0837969747
Job_20250821_1307_Track01_Sphere_00418.jpg;400179.044143;389080.364;5819635.918;35.731;-163.1654078325;93.6840726562;-138.9163307971;-0.0568463869;0.0811106174;0.9950826880;0.9979220938;0.0348961051;0.0541641629;-0.0303312214;0.9960940365;-0.0829257946
Job_20250821_1307_Track01_Sphere_00419.jpg;400179.278615;389077.454;5819635.683;35.724;-162.9023993112;93.7858516077;-139.3819080982;-0.0565154172;0.0793965507;0.9952397678;0.9978372187;0.0380082458;0.0536307579;-0.0335692205;0.9961182465;-0.0813728852
Job_20250821_1307_Track01_Sphere_00420.jpg;400179.519677;389074.470;5819635.440;35.716;-164.2369540074;93.6191932933;-138.0544387769;-0.0563137922;0.0827110005;0.9949812296;0.9978477534;0.0381951748;0.0533009351;-0.0335949083;0.9958413624;-0.0846839012
Job_20250821_1307_Track01_Sphere_00421.jpg;400179.760913;389071.484;5819635.197;35.716;-164.0036574991;93.6571479832;-138.3445178162;-0.0563539958;0.0819647199;0.9950407086;0.9978144519;0.0390661937;0.0532930777;-0.0345043009;0.9958692772;-0.0839871182
Job_20250821_1307_Track01_Sphere_00422.jpg;400180.002107;389068.499;5819634.951;35.716;-164.3132111288;93.7335407844;-137.9075035859;-0.0551202715;0.0813610461;0.9951593520;0.9979481643;0.0370065132;0.0522492051;-0.0325763277;0.9959974388;-0.0832339157
Job_20250821_1307_Track01_Sphere_00423.jpg;400180.243480;389065.512;5819634.711;35.713;-164.8233142738;93.7788996375;-137.4038391888;-0.0540818140;0.0812044162;0.9952291194;0.9980000869;0.0370610566;0.0512084430;-0.0327258910;0.9960081932;-0.0830463435
Job_20250821_1307_Track01_Sphere_00424.jpg;400180.484054;389062.532;5819634.480;35.708;-164.6824354325;93.8933711619;-137.6946934079;-0.0534534029;0.0794714571;0.9954029441;0.9979514968;0.0393404374;0.0504493802;-0.0351503015;0.9960605491;-0.0814115399
Job_20250821_1307_Track01_Sphere_00425.jpg;400180.726309;389059.535;5819634.246;35.699;-165.5070785361;93.9005848708;-136.8893860867;-0.0523820983;0.0800468722;0.9954137904;0.9979965259;0.0396136807;0.0493324498;-0.0354830957;0.9960036418;-0.0819615481
Job_20250821_1307_Track01_Sphere_00426.jpg;400180.966774;389056.562;5819634.014;35.694;-166.4386408047;93.8055048901;-135.9258192526;-0.0519596548;0.0820865796;0.9952698065;0.9980375638;0.0391430909;0.0488757567;-0.0349458928;0.9958562205;-0.0839593514
Job_20250821_1307_Track01_Sphere_00427.jpg;400181.209728;389053.560;5819633.777;35.694;-166.9969994210;93.7430231861;-135.2137866359;-0.0515514752;0.0834936957;0.9951739788;0.9981407939;0.0367546706;0.0486214955;-0.0325177035;0.9958302551;-0.0852332212
Job_20250821_1307_Track01_Sphere_00428.jpg;400181.450985;389050.580;5819633.544;35.695;-166.6906754362;93.8156655592;-135.4715948876;-0.0512886547;0.0823203929;0.9952852992;0.9981774961;0.0359578180;0.0484636106;-0.0317987442;0.9959570213;-0.0840145918
Job_20250821_1307_Track01_Sphere_00429.jpg;400181.692786;389047.592;5819633.321;35.696;-166.8225553230;93.7702530216;-135.5479413102;-0.0517634847;0.0828609432;0.9952158589;0.9980448498;0.0392472021;0.0486429338;-0.0350288386;0.9957879901;-0.0847305096
Job_20250821_1307_Track01_Sphere_00430.jpg;400181.933391;389044.609;5819633.098;35.695;-165.6510403801;93.9618953921;-136.8971323516;-0.0518667901;0.0792383676;0.9955054581;0.9979344254;0.0419479079;0.0486544511;-0.0379040720;0.9959727176;-0.0812503982
Job_20250821_1307_Track01_Sphere_00431.jpg;400182.181614;389041.534;5819632.864;35.682;-165.5961640994;93.9486167507;-137.0935161566;-0.0522252310;0.0792513728;0.9954856830;0.9978296293;0.0441761817;0.0488312999;-0.0401068089;0.9958753360;-0.0813864793
Job_20250821_1307_Track01_Sphere_00432.jpg;400182.415142;389038.638;5819632.642;35.673;-166.5638487746;93.8303388513;-136.0933189234;-0.0519669343;0.0816220780;0.9953076279;0.9978654923;0.0437112139;0.0485158648;-0.0395461389;0.9957043568;-0.0837193928
Job_20250821_1307_Track01_Sphere_00433.jpg;400182.655721;389035.651;5819632.413;35.670;-166.6986520157;93.7789180931;-136.0346176729;-0.0523227671;0.0823484763;0.9952291477;0.9978003163;0.0449325450;0.0487400787;-0.0407045072;0.9955901741;-0.0845183308
Job_20250821_1307_Track01_Sphere_00434.jpg;400182.894885;389032.676;5819632.177;35.672;-166.8212478831;93.7132821357;-135.7462332587;-0.0524955187;0.0834531450;0.9951280285;0.9978952612;0.0423722470;0.0490880879;-0.0380692553;0.9956104486;-0.0855018510
Job_20250821_1307_Track01_Sphere_00435.jpg;400183.142844;389029.582;5819631.933;35.675;-165.8620131488;93.8708366350;-136.5520068383;-0.0522097783;0.0807138950;0.9953689799;0.9979960997;0.0398968758;0.0491123632;-0.0357480625;0.9959385054;-0.0826351594
Job_20250821_1307_Track01_Sphere_00436.jpg;400183.384684;389026.560;5819631.699;35.669;-165.7505407523;93.9545102927;-136.5782890258;-0.0515320474;0.0795940805;0.9954944653;0.9980762741;0.0385109822;0.0485865762;-0.0344702657;0.9960831725;-0.0814255131
Job_20250821_1307_Track01_Sphere_00437.jpg;400183.611894;389023.719;5819631.483;35.660;-166.3123916495;93.9230646431;-136.1028881814;-0.0512003831;0.0803914155;0.9954475080;0.9980458525;0.0398684263;0.0481142907;-0.0358189497;0.9959657268;-0.0822755975
Job_20250821_1307_Track01_Sphere_00438.jpg;400183.849567;389020.741;5819631.263;35.652;-167.0726574356;93.8648692061;-135.5225784267;-0.0509472492;0.0816266997;0.9953599649;0.9979543779;0.0427009231;0.0475782597;-0.0386191330;0.9957478160;-0.0836352169
Job_20250821_1307_Track01_Sphere_00439.jpg;400184.094639;389017.665;5819631.032;35.649;-167.3245230447;93.7599855521;-135.3307796192;-0.0515651067;0.0831734528;0.9952000887;0.9978884016;0.0437004434;0.0480521512;-0.0394940218;0.9955764401;-0.0852512419
Job_20250821_1307_Track01_Sphere_00440.jpg;400184.325436;389014.763;5819630.809;35.652;-167.1187875439;93.6647185964;-135.5235400269;-0.0526052064;0.0842802125;0.9950525303;0.9978450871;0.0435663074;0.0490628059;-0.0392157407;0.9954892378;-0.0863904106
Job_20250821_1307_Track01_Sphere_00441.jpg;400184.566598;389011.720;5819630.568;35.658;-166.0110719425;93.6833400948;-136.4949859600;-0.0537272353;0.0832231732;0.9950815482;0.9978677524;0.0414577265;0.0504103729;-0.0370585074;0.9956681979;-0.0852731298
Job_20250821_1307_Track01_Sphere_00442.jpg;400184.796931;389008.802;5819630.334;35.659;-164.3320171564;93.7731935352;-138.0447554532;-0.0549467756;0.0807295851;0.9952203705;0.9978740050;0.0394253417;0.0518952074;-0.0350474246;0.9959560113;-0.0827242498
Job_20250821_1307_Track01_Sphere_00443.jpg;400185.035405;389005.774;5819630.089;35.651;-163.7813453961;93.7275783263;-138.5115254039;-0.0559427349;0.0809110774;0.9951501434;0.9978655932;0.0381576145;0.0529929650;-0.0336848377;0.9959906596;-0.0828730216
Job_20250821_1307_Track01_Sphere_00444.jpg;400185.265435;389002.843;5819629.855;35.642;-163.3977499838;93.6791295122;-139.0433428736;-0.0570525681;0.0810602255;0.9950749943;0.9977234830;0.0405252959;0.0539031708;-0.0359563054;0.9958850035;-0.0831877627
Job_20250821_1307_Track01_Sphere_00445.jpg;400185.499051;388999.855;5819629.613;35.634;-162.9279956003;93.6662858369;-139.6288973331;-0.0579127760;0.0806951392;0.9950549758;0.9976078613;0.0423622699;0.0546259380;-0.0377447398;0.9958382060;-0.0829554219
Job_20250821_1307_Track01_Sphere_00446.jpg;400185.740234;388996.764;5819629.356;35.626;-163.0131995768;93.5690484026;-139.6037183919;-0.0587664616;0.0819530640;0.9949021049;0.9975247613;0.0433686803;0.0553489676;-0.0386115738;0.9956921476;-0.0842988345
Job_20250821_1307_Track01_Sphere_00447.jpg;400185.962972;388993.902;5819629.112;35.624;-163.7986946033;93.4459856201;-138.6258526893;-0.0585972386;0.0844258209;0.9947053053;0.9976491705;0.0404177653;0.0553401929;-0.0355316243;0.9956097052;-0.0865957196
Job_20250821_1307_Track01_Sphere_00448.jpg;400186.196597;388990.885;5819628.862;35.627;-162.8299885215;93.5805235561;-139.6011939789;-0.0586587129;0.0818096525;0.9949202662;0.9976391885;0.0404553339;0.0554924809;-0.0357100110;0.9958265646;-0.0839895732
Job_20250821_1307_Track01_Sphere_00449.jpg;400186.425241;388987.926;5819628.619;35.623;-162.7795928337;93.5551829403;-139.8220855539;-0.0591740969;0.0819266648;0.9948801173;0.9975105299;0.0431463911;0.0557775192;-0.0383558206;0.9957039774;-0.0842758595
Job_20250821_1307_Track01_Sphere_00450.jpg;400186.654133;388984.954;5819628.370;35.618;-161.9138098495;93.6254613609;-140.6954001377;-0.0596371078;0.0802257608;0.9949910767;0.9974772216;0.0432379209;0.0562998632;-0.0385046461;0.9958384957;-0.0826019535
Job_20250821_1307_Track01_Sphere_00451.jpg;400186.894601;388981.827;5819628.105;35.610;-162.5316556683;93.5292746050;-140.0494831000;-0.0597045911;0.0820421413;0.9948389060;0.9974922541;0.0428500244;0.0563300843;-0.0380074307;0.9957072674;-0.0843947437
Job_20250821_1307_Track01_Sphere_00452.jpg;400187.119308;388978.894;5819627.857;35.608;-162.6704146943;93.5220687907;-139.9585552618;-0.0596534778;0.0822184747;0.9948274147;0.9974665933;0.0436006997;0.0562083105;-0.0387538098;0.9956601335;-0.0846111152
Job_20250821_1307_Track01_Sphere_00453.jpg;400187.340383;388976.001;5819627.610;35.609;-163.5400042072;93.5226197533;-138.8939695014;-0.0582653661;0.0831974340;0.9948282938;0.9976615181;0.0405190975;0.0550426932;-0.0357301338;0.9957089885;-0.0853637384
Job_20250821_1307_Track01_Sphere_00454.jpg;400187.568122;388973.012;5819627.356;35.611;-164.0289451462;93.5703621724;-138.1583934094;-0.0568793049;0.0832490589;0.9949041858;0.9978705360;0.0366047548;0.0539859735;-0.0319239423;0.9958562578;-0.0851538360
Job_20250821_1307_Track01_Sphere_00455.jpg;400187.794063;388970.038;5819627.112;35.611;-164.4475934131;93.6117134034;-137.7610831780;-0.0559974080;0.0830665510;0.9949694661;0.9979082442;0.0368970963;0.0530823933;-0.0323021128;0.9958607093;-0.0849589378
Job_20250821_1307_Track01_Sphere_00456.jpg;400188.038778;388966.807;5819626.850;35.609;-164.4650199735;93.6708267821;-137.6894488081;-0.0553883158;0.0823628256;0.9950620581;0.9979679242;0.0360061132;0.0525697839;-0.0314985211;0.9959517683;-0.0841897761
Job_20250821_1307_Track01_Sphere_00457.jpg;400188.246096;388964.063;5819626.630;35.606;-164.3652007837;93.7253194696;-137.8169010162;-0.0550763538;0.0815459088;0.9951466525;0.9979702678;0.0364052104;0.0522494523;-0.0319677942;0.9960044806;-0.0833854587
Job_20250821_1307_Track01_Sphere_00458.jpg;400188.470043;388961.094;5819626.396;35.599;-164.9474442783;93.6393392178;-137.3499488626;-0.0552207606;0.0830668827;0.9950128444;0.9979043948;0.0382524919;0.0521877931;-0.0337266435;0.9958095400;-0.0850051390
Job_20250821_1307_Track01_Sphere_00459.jpg;400188.695012;388958.098;5819626.161;35.597;-164.9902055765;93.6736575471;-137.3916134534;-0.0549778668;0.0825842202;0.9950664705;0.9978713603;0.0395511027;0.0518503469;-0.0350739557;0.9957989540;-0.0845828634
Job_20250821_1307_Track01_Sphere_00460.jpg;400188.918583;388955.116;5819625.925;35.595;-164.9998486023;93.6199517867;-137.4293568317;-0.0554923958;0.0832500725;0.9949824217;0.9978179650;0.0403300791;0.0522761270;-0.0357757284;0.9957122627;-0.0853064306
Job_20250821_1307_Track01_Sphere_00461.jpg;400189.162768;388951.847;5819625.657;35.597;-164.5063455877;93.6437478040;-137.7262040229;-0.0556722506;0.0826819121;0.9950197495;0.9979134366;0.0372473455;0.0527390589;-0.0327012782;0.9958796798;-0.0845830346
Job_20250821_1307_Track01_Sphere_00462.jpg;400189.363025;388949.157;5819625.437;35.597;-164.1447075867;93.6883569638;-137.9625500711;-0.0555872487;0.0818977433;0.9950893515;0.9979798122;0.0352640094;0.0528464194;-0.0307628377;0.9960166712;-0.0836925237
Job_20250821_1307_Track01_Sphere_00463.jpg;400189.585299;388946.163;5819625.200;35.590;-163.5657784525;93.7727297518;-138.7288264483;-0.0558151990;0.0801404624;0.9952196591;0.9978709029;0.0381601991;0.0528910242;-0.0337390692;0.9960528628;-0.0820997547
Job_20250821_1307_Track01_Sphere_00464.jpg;400189.805243;388943.193;5819624.966;35.579;-163.2713337069;93.7628916632;-139.1999709661;-0.0564955908;0.0798507489;0.9952045549;0.9977358737;0.0409447152;0.0533540680;-0.0364880047;0.9959655557;-0.0819831526
Job_20250821_1307_Track01_Sphere_00465.jpg;400190.029700;388940.156;5819624.721;35.570;-164.0499017429;93.6490260002;-138.3977469429;-0.0564945175;0.0820221195;0.9950280104;0.9977516521;0.0406294409;0.0532999923;-0.0360556534;0.9958019986;-0.0841330459
Job_20250821_1307_Track01_Sphere_00466.jpg;400190.245830;388937.225;5819624.483;35.567;-164.6625710945;93.4969855845;-137.8111374280;-0.0570660636;0.0845083624;0.9947873145;0.9977077904;0.0411238221;0.0537400795;-0.0363679704;0.9955737883;-0.0866614262
Job_20250821_1307_Track01_Sphere_00467.jpg;400190.465231;388934.240;5819624.235;35.572;-164.0287234122;93.4572647374;-138.3935163413;-0.0581887763;0.0844939647;0.9947234974;0.9976737876;0.0403661477;0.0549325728;-0.0355116847;0.9956060185;-0.0866462706
Job_20250821_1307_Track01_Sphere_00468.jpg;400190.684498;388931.249;5819623.983;35.579;-163.7851610968;93.4438978645;-138.4171243944;-0.0583386294;0.0846443485;0.9947019345;0.9977821320;0.0369363852;0.0553761724;-0.0320534138;0.9957263870;-0.0866114366
Job_20250821_1307_Track01_Sphere_00469.jpg;400190.902726;388928.263;5819623.735;35.583;-162.6338151313;93.5461158172;-139.6205091991;-0.0589969938;0.0822287487;0.9948657134;0.9977154901;0.0377137873;0.0560488278;-0.0329113289;0.9958996451;-0.0842658963
Job_20250821_1307_Track01_Sphere_00470.jpg;400191.124042;388925.230;5819623.486;35.579;-162.1713091433;93.5790597651;-140.2625623121;-0.0595189548;0.0812143099;0.9949179513;0.9975874240;0.0405167605;0.0563713018;-0.0357326959;0.9958727971;-0.0834298894
Job_20250821_1307_Track01_Sphere_00471.jpg;400191.337814;388922.294;5819623.243;35.574;-162.4972268334;93.5656684974;-139.9727557061;-0.0592715680;0.0816537762;0.9948967494;0.9975818128;0.0410832607;0.0560597217;-0.0362961146;0.9958136505;-0.0838913914
Job_20250821_1307_Track01_Sphere_00472.jpg;400191.553214;388919.329;5819622.997;35.570;-162.8463680487;93.5786660289;-139.7087782259;-0.0588138372;0.0817339700;0.9949173286;0.9975587981;0.0423987270;0.0554868660;-0.0376480664;0.9957519300;-0.0840280727
Job_20250821_1307_Track01_Sphere_00473.jpg;400191.770410;388916.331;5819622.748;35.565;-163.1527950239;93.5670813584;-139.4338141896;-0.0585653793;0.0821346403;0.9948989885;0.9975547263;0.0428911068;0.0551808032;-0.0381400633;0.9956978728;-0.0844457325
Job_20250821_1307_Track01_Sphere_00474.jpg;400191.985795;388913.350;5819622.499;35.564;-163.6848782686;93.5823469418;-138.7433614636;-0.0575347608;0.0825692361;0.9949231491;0.9977053348;0.0403827442;0.0543442631;-0.0356905628;0.9957668177;-0.0847031789
Job_20250821_1307_Track01_Sphere_00475.jpg;400192.201567;388910.357;5819622.252;35.565;-164.4365402277;93.5374749211;-137.9765883580;-0.0569300557;0.0838363352;0.9948519677;0.9977488174;0.0401535810;0.0537120782;-0.0354438452;0.9956702059;-0.0859335499
Job_20250821_1307_Track01_Sphere_00476.jpg;400192.414554;388907.390;5819622.010;35.565;-163.2852204499;93.7368472866;-139.1020302611;-0.0566073155;0.0802702909;0.9951644549;0.9977774342;0.0396448341;0.0535581827;-0.0351539988;0.9959844213;-0.0823360726
Job_20250821_1307_Track01_Sphere_00477.jpg;400192.627301;388904.424;5819621.776;35.555;-164.1947007822;93.7417452375;-138.3071464907;-0.0555573328;0.0809076977;0.9951720089;0.9977705635;0.0414111128;0.0523356696;-0.0369768217;0.9958609663;-0.0830280101
Job_20250821_1307_Track01_Sphere_00478.jpg;400192.841324;388901.433;5819621.544;35.548;-164.1245979894;93.6930998882;-138.6697007638;-0.0564511990;0.0812143713;0.9950967229;0.9975419530;0.0460293321;0.0528332521;-0.0415128182;0.9956332289;-0.0836131536
Job_20250821_1307_Track01_Sphere_00479.jpg;400193.059192;388898.382;5819621.300;35.545;-164.0766643146;93.6799773794;-138.8004955712;-0.0567353521;0.0812664035;0.9950763144;0.9974715456;0.0473380527;0.0530058904;-0.0427973769;0.9955676172;-0.0837466662
Job_20250821_1307_Track01_Sphere_00480.jpg;400193.267935;388895.460;5819621.059;35.543;-165.4438649166;93.4760856687;-137.1741982303;-0.0563977591;0.0853475351;0.9947537841;0.9976605280;0.0433737123;0.0528411950;-0.0386362987;0.9954067105;-0.0875940471
Job_20250821_1307_Track01_Sphere_00481.jpg;400193.479326;388892.486;5819620.813;35.551;-164.4043172951;93.5431021736;-138.1705487818;-0.0571355940;0.0835898971;0.9948609214;0.9976438778;0.0426854197;0.0537089201;-0.0379765329;0.9955855986;-0.0858318059
Job_20250821_1307_Track01_Sphere_00482.jpg;400193.690117;388889.510;5819620.566;35.553;-163.2877652491;93.6851208153;-139.1642817954;-0.0571524098;0.0808752174;0.9950843187;0.9977115296;0.0406959809;0.0539957478;-0.0361290146;0.9958930848;-0.0830160102
Job_20250821_1307_Track01_Sphere_00483.jpg;400193.900604;388886.529;5819620.324;35.546;-163.5632821672;93.6799846648;-138.9090507578;-0.0568737781;0.0811694481;0.9950763257;0.9977157603;0.0410094958;0.0536794468;-0.0364504473;0.9958562858;-0.0833164026
Job_20250821_1307_Track01_Sphere_00484.jpg;400194.114822;388883.484;5819620.081;35.537;-163.5503829846;93.6474251212;-139.1801184138;-0.0575126791;0.0813420864;0.9950255056;0.9975244302;0.0450780393;0.0539720443;-0.0404636001;0.9956663273;-0.0837332772
Job_20250821_1307_Track01_Sphere_00485.jpg;400194.319470;388880.565;5819619.842;35.531;-163.4150944208;93.6513841784;-139.3678340785;-0.0577164035;0.0811217291;0.9950316989;0.9974791030;0.0459006849;0.0541162292;-0.0412826344;0.9956467206;-0.0835664520
Job_20250821_1307_Track01_Sphere_00486.jpg;400194.528803;388877.571;5819619.595;35.526;-164.3646231260;93.5592830710;-138.3008809174;-0.0571634852;0.0832642845;0.9948866241;0.9975868795;0.0440957853;0.0536281597;-0.0394049966;0.9955514154;-0.0855840265
Job_20250821_1307_Track01_Sphere_00487.jpg;400194.737031;388874.582;5819619.349;35.526;-164.9076858362;93.5155432223;-137.7051212423;-0.0567633684;0.0843626817;0.9948169972;0.9976425312;0.0432825239;0.0532541371;-0.0385655287;0.9954946314;-0.0866206612
Job_20250821_1307_Track01_Sphere_00488.jpg;400194.943183;388871.611;5819619.105;35.529;-163.9104774620;93.6653846082;-138.6600957931;-0.0566861454;0.0815786402;0.9950535696;0.9976691389;0.0425488742;0.0533468148;-0.0379864485;0.9957582632;-0.0838004234
Job_20250821_1307_Track01_Sphere_00489.jpg;400195.150392;388868.617;5819618.857;35.527;-164.1956016397;93.6963505931;-138.1615929307;-0.0557725415;0.0816203832;0.9951017720;0.9978410148;0.0391747697;0.0527128693;-0.0346804381;0.9958932927;-0.0836290425
Job_20250821_1307_Track01_Sphere_00490.jpg;400195.356039;388865.638;5819618.617;35.519;-164.5353341849;93.6839751566;-137.9738654932;-0.0556402789;0.0819445252;0.9950825363;0.9977628735;0.0415551405;0.0523681066;-0.0370595150;0.9957701869;-0.0840733446
Job_20250821_1307_Track01_Sphere_00491.jpg;400195.564149;388862.614;5819618.379;35.511;-164.2779961518;93.7342849426;-138.4296912473;-0.0557791708;0.0808966131;0.9951605007;0.9976337828;0.0446395656;0.0522890483;-0.0401935255;0.9957223745;-0.0831951521
Job_20250821_1307_Track01_Sphere_00492.jpg;400195.765617;388859.680;5819618.144;35.505;-164.7730931476;93.7003191090;-137.9279392801;-0.0554377924;0.0817731857;0.9951079325;0.9976573995;0.0445430066;0.0519194939;-0.0400794768;0.9956550942;-0.0840509897
Job_20250821_1307_Track01_Sphere_00493.jpg;400195.969915;388856.701;5819617.902;35.500;-165.6993635029;93.5475379594;-136.9337771233;-0.0554630024;0.0846260591;0.9948679739;0.9977013229;0.0435518724;0.0519163235;-0.0389348892;0.9954605289;-0.0868470487
Job_20250821_1307_Track01_Sphere_00494.jpg;400196.184396;388853.562;5819617.646;35.503;-165.1829671842;93.5899085319;-137.4366940705;-0.0557624639;0.0836343431;0.9949350955;0.9976922932;0.0433294615;0.0522747159;-0.0387380404;0.9955540439;-0.0858574971
Job_20250821_1307_Track01_Sphere_00495.jpg;400196.376686;388850.741;5819617.414;35.507;-164.3895251031;93.7170410230;-138.0115055324;-0.0553981250;0.0814841841;0.9951338480;0.9978370497;0.0398418076;0.0522862573;-0.0353874283;0.9958779835;-0.0835150993
Job_20250821_1307_Track01_Sphere_00496.jpg;400196.585664;388847.672;5819617.164;35.503;-164.3439996633;93.7102464349;-138.0104931957;-0.0554565422;0.0815728988;0.9951233261;0.9978595799;0.0391183882;0.0524023909;-0.0346530056;0.9958993995;-0.0835676690
Job_20250821_1307_Track01_Sphere_00497.jpg;400196.783415;388844.765;5819616.934;35.494;-163.7892492027;93.7706247854;-138.8793231094;-0.0560233650;0.0800352500;0.9952164294;0.9976440611;0.0440163465;0.0526202307;-0.0395943178;0.9958197226;-0.0823126357
Job_20250821_1307_Track01_Sphere_00498.jpg;400196.985658;388841.789;5819616.698;35.486;-163.6296160145;93.7782305339;-139.1530932155;-0.0562984253;0.0796964761;0.9952280940;0.9975560740;0.0458042846;0.0527621722;-0.0413807517;0.9957662573;-0.0820804130
Job_20250821_1307_Track01_Sphere_00499.jpg;400197.192735;388838.747;5819616.452;35.479;-164.7770908319;93.6156066438;-137.9986971413;-0.0562728571;0.0828066400;0.9949755906;0.9975655993;0.0457718753;0.0526099853;-0.0411854426;0.9955139355;-0.0851807697
Job_20250821_1307_Track01_Sphere_00500.jpg;400197.392646;388835.810;5819616.209;35.481;-164.3943562047;93.5871396752;-138.2366863460;-0.0568334594;0.0829627326;0.9949307227;0.9976260167;0.0435355094;0.0533571953;-0.0388881571;0.9956012477;-0.0852400541
Job_20250821_1307_Track01_Sphere_00501.jpg;400197.601224;388832.747;5819615.950;35.489;-163.5276448729;93.6677225062;-138.7635605218;-0.0567977530;0.0814564304;0.9950572171;0.9978199255;0.0381802315;0.0538299742;-0.0336067174;0.9959453398;-0.0834474006
Job_20250821_1307_Track01_Sphere_00502.jpg;400197.799560;388829.840;5819615.706;35.490;-163.0213243721;93.6950983696;-139.1210402493;-0.0570075442;0.0807865926;0.9950998273;0.9978834872;0.0358428409;0.0542571354;-0.0312839557;0.9960867519;-0.0826589190
Job_20250821_1307_Track01_Sphere_00503.jpg;400198.005772;388826.823;5819615.459;35.483;-161.2329324740;93.8550049309;-141.0781822322;-0.0579604261;0.0769989158;0.9953450437;0.9977397862;0.0384222643;0.0551275669;-0.0339986474;0.9962905683;-0.0790518526
Job_20250821_1307_Track01_Sphere_00504.jpg;400198.209462;388823.856;5819615.216;35.471;-162.3677907630;93.6829882869;-140.0506422223;-0.0582924671;0.0800986275;0.9950810008;0.9976654363;0.0401960261;0.0552083027;-0.0355761927;0.9959761490;-0.0822547577
Job_20250821_1307_Track01_Sphere_00505.jpg;400198.413411;388820.892;5819614.972;35.466;-162.6752691517;93.5735660520;-139.7840456527;-0.0589570591;0.0817290168;0.9949092587;0.9976061056;0.0409054993;0.0557565983;-0.0361403280;0.9958147960;-0.0839450341
Job_20250821_1307_Track01_Sphere_00506.jpg;400198.622051;388817.866;5819614.721;35.466;-161.9732001809;93.5641081618;-140.6554831507;-0.0601583542;0.0810330283;0.9948942762;0.9974359108;0.0435852162;0.0567620723;-0.0387630796;0.9957579913;-0.0834472673
Job_20250821_1307_Track01_Sphere_00507.jpg;400198.825643;388814.922;5819614.470;35.469;-162.1393368697;93.4612970275;-140.4113087681;-0.0607998110;0.0825567869;0.9947299935;0.9974465745;0.0424321998;0.0574442285;-0.0374661709;0.9956826228;-0.0849258540
Job_20250821_1307_Track01_Sphere_00508.jpg;400199.037254;388811.867;5819614.203;35.474;-160.9467320201;93.5147231759;-141.4477085495;-0.0616297661;0.0808920277;0.9948156873;0.9974840328;0.0399769589;0.0585444029;-0.0350339303;0.9959208415;-0.0831522767
Job_20250821_1307_Track01_Sphere_00509.jpg;400199.241628;388808.924;5819613.945;35.475;-160.0501235725;93.5995696076;-142.2498682313;-0.0618273233;0.0790645692;0.9949503385;0.9975210594;0.0384559074;0.0589311395;-0.0336023530;0.9961274703;-0.0812461987
Job_20250821_1307_Track01_Sphere_00510.jpg;400199.447924;388805.961;5819613.688;35.469;-160.1567501204;93.5624568648;-142.1835601515;-0.0621017478;0.0795861902;0.9948916580;0.9974834845;0.0391124085;0.0591347407;-0.0342063002;0.9960603686;-0.0818148593
Job_20250821_1307_Track01_Sphere_00511.jpg;400199.656691;388802.969;5819613.431;35.462;-160.7062287585;93.4896488341;-141.7690734465;-0.0622763440;0.0808903573;0.9947755561;0.9973995779;0.0412681176;0.0590848921;-0.0362731166;0.9958683109;-0.0832500357
Job_20250821_1307_Track01_Sphere_00512.jpg;400199.865706;388799.977;5819613.174;35.460;-160.4956271441;93.5659896436;-142.0443339385;-0.0618936790;0.0796782134;0.9948972584;0.9973840153;0.0422302224;0.0586662963;-0.0373403069;0.9959256953;-0.0820835603
Job_20250821_1307_Track01_Sphere_00513.jpg;400200.081280;388796.899;5819612.908;35.457;-161.6460256332;93.4665606412;-140.8758367913;-0.0613513331;0.0820450832;0.9947384673;0.9974299532;0.0419907662;0.0580539743;-0.0370067872;0.9957436316;-0.0844104130
Job_20250821_1307_Track01_Sphere_00514.jpg;400200.283565;388794.018;5819612.657;35.459;-162.2273412627;93.3888397154;-140.2117617243;-0.0612092102;0.0836606199;0.9946126549;0.9974875072;0.0407349904;0.0579597571;-0.0356665877;0.9956613688;-0.0859437798
Job_20250821_1307_Track01_Sphere_00515.jpg;400200.493001;388791.037;5819612.398;35.467;-161.2924196671;93.5175544395;-141.0557639473;-0.0611039819;0.0812345681;0.9948202090;0.9975411575;0.0392414565;0.0580667477;-0.0343211668;0.9959222123;-0.0834326344
Job_20250821_1307_Track01_Sphere_00516.jpg;400200.702902;388788.060;5819612.144;35.470;-161.3545316989;93.5504643420;-141.0081486538;-0.0607343675;0.0808690224;0.9948726239;0.9975549505;0.0394431187;0.0576919508;-0.0345753874;0.9959439952;-0.0830668465
Job_20250821_1307_Track01_Sphere_00517.jpg;400200.915748;388785.051;5819611.892;35.467;-160.7484977519;93.6640887679;-141.8267434649;-0.0606845808;0.0786752807;0.9950515473;0.9974343506;0.0427064442;0.0574532487;-0.0379749629;0.9959851203;-0.0810650502
Job_20250821_1307_Track01_Sphere_00518.jpg;400201.131311;388782.018;5819611.637;35.462;-161.8082723309;93.6342256144;-140.7461100848;-0.0596191846;0.0800683635;0.9950048291;0.9975108776;0.0423753311;0.0563593866;-0.0376510552;0.9958882410;-0.0823954463
Job_20250821_1307_Track01_Sphere_00519.jpg;400201.340157;388779.092;5819611.393;35.460;-162.8876996397;93.5936320604;-139.7250949076;-0.0586981229;0.0815290773;0.9949409731;0.9975306853;0.0432903003;0.0553035427;-0.0385624467;0.9957303648;-0.0838688157
Job_20250821_1307_Track01_Sphere_00520.jpg;400201.553862;388776.107;5819611.142;35.462;-162.5669040058;93.6931113466;-140.0099261694;-0.0581482006;0.0800078954;0.9950967407;0.9975819156;0.0426658324;0.0548629974;-0.0380671578;0.9958806974;-0.0822953709
Job_20250821_1307_Track01_Sphere_00521.jpg;400201.769200;388773.115;5819610.890;35.465;-163.2562212029;93.6824749118;-139.0714071695;-0.0570581811;0.0809923191;0.9950802019;0.9977856036;0.0387487537;0.0540594418;-0.0341797181;0.9959612333;-0.0830239034
Job_20250821_1307_Track01_Sphere_00522.jpg;400201.985040;388770.127;5819610.644;35.466;-163.0914105689;93.7716578112;-139.2147631907;-0.0564349672;0.0797257678;0.9952180145;0.9978303857;0.0383555650;0.0535104846;-0.0339059847;0.9960786378;-0.0817173886
Job_20250821_1307_Track01_Sphere_00523.jpg;400202.205487;388767.085;5819610.398;35.462;-162.2381410912;93.9327218227;-140.0928946908;-0.0560461421;0.0769046596;0.9954619547;0.9978356866;0.0386577001;0.0531932769;-0.0343914589;0.9962887411;-0.0789048287
Job_20250821_1307_Track01_Sphere_00524.jpg;400202.420093;388764.143;5819610.166;35.450;-163.2945121684;93.7673876780;-139.2230011536;-0.0564838584;0.0797729444;0.9952114605;0.9977096897;0.0416651883;0.0532858997;-0.0372148998;0.9959419107;-0.0819436502
Job_20250821_1307_Track01_Sphere_00525.jpg;400202.638572;388761.158;5819609.931;35.447;-163.4801862684;93.7260627878;-139.3139546266;-0.0569718277;0.0802188520;0.9951478014;0.9975122079;0.0460231149;0.0533972663;-0.0415163342;0.9957142204;-0.0826413051
Job_20250821_1307_Track01_Sphere_00526.jpg;400202.858986;388758.162;5819609.688;35.447;-163.8710739500;93.6120441955;-138.9291366855;-0.0575090129;0.0820209683;0.9949699866;0.9974805468;0.0461852754;0.0538468108;-0.0415363953;0.9955598832;-0.0844703899
Job_20250821_1307_Track01_Sphere_00527.jpg;400203.086314;388755.081;5819609.432;35.453;-163.3645138249;93.6056257802;-139.2869332373;-0.0580271305;0.0817782691;0.9949598820;0.9975454894;0.0438738254;0.0545718252;-0.0391899067;0.9956843888;-0.0841234157
Job_20250821_1307_Track01_Sphere_00528.jpg;400203.299541;388752.198;5819609.188;35.458;-162.7338874703;93.5973585998;-139.7256053141;-0.0586647471;0.0814813421;0.9949468520;0.9976225135;0.0408897785;0.0554738360;-0.0361630738;0.9958357379;-0.0836864098
Job_20250821_1307_Track01_Sphere_00529.jpg;400203.519227;388749.232;5819608.933;35.460;-161.4125197618;93.6527762371;-140.8626534796;-0.0595920766;0.0797268504;0.9950338757;0.9976676537;0.0379968259;0.0567053257;-0.0332871919;0.9960923002;-0.0818052096
Job_20250821_1307_Track01_Sphere_00530.jpg;400203.741905;388746.229;5819608.680;35.454;-160.9758321310;93.7451031667;-141.3244283643;-0.0592964275;0.0781428531;0.9951771843;0.9976700586;0.0383348658;0.0564348494;-0.0337400037;0.9962048648;-0.0802339054
Job_20250821_1307_Track01_Sphere_00531.jpg;400203.964439;388743.236;5819608.436;35.442;-161.8194793089;93.6422243635;-140.7187006339;-0.0595100856;0.0799937199;0.9950173639;0.9975266846;0.0421154929;0.0562743179;-0.0374040547;0.9959052616;-0.0823021668
Job_20250821_1307_Track01_Sphere_00532.jpg;400204.187424;388740.238;5819608.189;35.436;-161.4748721574;93.6642993679;-141.2571474938;-0.0599762514;0.0792124567;0.9950518760;0.9973801014;0.0451454972;0.0565227153;-0.0404448085;0.9958349616;-0.0817125858
Job_20250821_1307_Track01_Sphere_00533.jpg;400204.406658;388737.298;5819607.946;35.431;-162.5294522965;93.5058572264;-140.4060410337;-0.0603801283;0.0820011318;0.9948015151;0.9972258151;0.0484183388;0.0565361665;-0.0435306071;0.9954554128;-0.0846971510
Job_20250821_1307_Track01_Sphere_00534.jpg;400204.629607;388734.309;5819607.692;35.435;-162.2764650812;93.5346616035;-140.5962435202;-0.0603568820;0.0814587108;0.9948474884;0.9972689225;0.0474211788;0.0566209145;-0.0425645740;0.9955479447;-0.0840984353
Job_20250821_1307_Track01_Sphere_00535.jpg;400204.853423;388731.316;5819607.432;35.439;-162.5079256360;93.4922604988;-140.1454064951;-0.0601691831;0.0824192440;0.9947797433;0.9974218373;0.0440083686;0.0566828196;-0.0391068785;0.9956255982;-0.0848547014
Job_20250821_1307_Track01_Sphere_00536.jpg;400205.085120;388728.218;5819607.161;35.445;-161.4403411799;93.5718293440;-140.9732886009;-0.0604897165;0.0806351800;0.9949065091;0.9975412010;0.0402238536;0.0573898414;-0.0353913336;0.9959317293;-0.0828700438
Job_20250821_1307_Track01_Sphere_00537.jpg;400205.300512;388725.345;5819606.915;35.445;-162.2595876234;93.4655298576;-140.1547995890;-0.0604276720;0.0827476800;0.9947368084;0.9975467215;0.0402907826;0.0572467579;-0.0353416880;0.9957557302;-0.0849793551
Job_20250821_1307_Track01_Sphere_00538.jpg;400205.524046;388722.366;5819606.663;35.446;-161.6703433070;93.4978355332;-140.8894999690;-0.0610761983;0.0816406055;0.9947886758;0.9974236620;0.0425624140;0.0577449517;-0.0376262746;0.9957526060;-0.0840298221
Job_20250821_1307_Track01_Sphere_00539.jpg;400205.747836;388719.389;5819606.410;35.448;-161.8267409904;93.5358701022;-140.7382158432;-0.0605271156;0.0813087580;0.9948494128;0.9974528238;0.0426109022;0.0572029315;-0.0377403317;0.9957776845;-0.0836807652
Job_20250821_1307_Track01_Sphere_00540.jpg;400205.974440;388716.386;5819606.150;35.450;-163.9524185234;93.3902969735;-138.4375562889;-0.0588412663;0.0853150189;0.9946150275;0.9976552601;0.0399108808;0.0555976933;-0.0349526436;0.9955543527;-0.0874633842
Job_20250821_1307_Track01_Sphere_00541.jpg;400206.200807;388713.383;5819605.894;35.461;-164.2390784495;93.5381543966;-137.9786424499;-0.0569267953;0.0838257141;0.9948530493;0.9978530819;0.0370968200;0.0539727056;-0.0323815839;0.9957896744;-0.0857575502
Job_20250821_1307_Track01_Sphere_00542.jpg;400206.429248;388710.354;5819605.647;35.468;-165.0835942083;93.6655150429;-137.0737669843;-0.0546348608;0.0829639714;0.9950537731;0.9980075175;0.0360350499;0.0517925688;-0.0315598952;0.9959008257;-0.0847674371
Job_20250821_1307_Track01_Sphere_00543.jpg;400206.649433;388707.435;5819605.415;35.470;-164.8198307655;93.7863756896;-137.3762898572;-0.0539819255;0.0811305090;0.9952405700;0.9980211266;0.0365696695;0.0511516388;-0.0322456602;0.9960323789;-0.0829440631
Job_20250821_1307_Track01_Sphere_00544.jpg;400206.875361;388704.444;5819605.182;35.467;-165.1384580362;93.7486438492;-137.1704066815;-0.0540444280;0.0817967966;0.9951826384;0.9979597797;0.0383522281;0.0510429685;-0.0339923203;0.9959108347;-0.0837026373
Job_20250821_1307_Track01_Sphere_00545.jpg;400207.107858;388701.374;5819604.945;35.465;-166.1789141434;93.6232210275;-136.2587293331;-0.0539247303;0.0842133149;0.9949875582;0.9978976277;0.0404196014;0.0506614293;-0.0359506336;0.9956276279;-0.0862158833
Job_20250821_1307_Track01_Sphere_00546.jpg;400207.327331;388698.477;5819604.719;35.471;-165.9812907361;93.6131513621;-136.5516591150;-0.0543971280;0.0840964433;0.9949717286;0.9978177148;0.0419272291;0.0510089741;-0.0374267344;0.9955751582;-0.0861936417
Job_20250821_1307_Track01_Sphere_00547.jpg;400207.553544;388695.496;5819604.480;35.481;-165.6091323061;93.6329242298;-136.7644906402;-0.0545092602;0.0836551967;0.9950027882;0.9979018893;0.0394294985;0.0513530332;-0.0349365128;0.9957143781;-0.0856289516
Job_20250821_1307_Track01_Sphere_00548.jpg;400207.780569;388692.510;5819604.240;35.487;-165.3251272988;93.6561443551;-136.9790320953;-0.0545917148;0.0831676244;0.9950391404;0.9979345773;0.0383345786;0.0515464789;-0.0338574079;0.9957979747;-0.0850885985
Job_20250821_1307_Track01_Sphere_00549.jpg;400208.009041;388689.504;5819604.001;35.489;-163.5652520144;93.8864437224;-138.7639289070;-0.0548425176;0.0786513617;0.9953925163;0.9979035389;0.0386253799;0.0519288650;-0.0343631381;0.9961536244;-0.0806047852
Job_20250821_1307_Track01_Sphere_00550.jpg;400208.234858;388686.543;5819603.768;35.480;-164.0278132345;93.8278463338;-138.4365761085;-0.0549575102;0.0796865155;0.9953038387;0.9978231986;0.0407709023;0.0518324008;-0.0364490922;0.9959858396;-0.0817537211
Job_20250821_1307_Track01_Sphere_00551.jpg;400208.476353;388683.382;5819603.517;35.475;-164.6187596273;93.6998179604;-137.8916790071;-0.0553955995;0.0818112348;0.9951071547;0.9977752348;0.0415611846;0.0521272359;-0.0370932386;0.9957808945;-0.0839315308
Job_20250821_1307_Track01_Sphere_00552.jpg;400208.692060;388680.562;5819603.293;35.475;-164.6407098366;93.7009757302;-137.9730667389;-0.0554899787;0.0817253761;0.9951089514;0.9977085306;0.0431792769;0.0520887511;-0.0387111122;0.9957190934;-0.0839341221
Job_20250821_1307_Track01_Sphere_00553.jpg;400208.920366;388677.584;5819603.053;35.475;-164.4610920646;93.6528182090;-138.1135974457;-0.0560944545;0.0822244967;0.9950339413;0.9976998431;0.0426051050;0.0527240760;-0.0380583149;0.9957027353;-0.0844252776
Job_20250821_1307_Track01_Sphere_00554.jpg;400209.152405;388674.565;5819602.807;35.481;-165.1419257965;93.4926659586;-137.3535227597;-0.0564945030;0.0849725867;0.9947803932;0.9977273872;0.0414512039;0.0531211685;-0.0367210019;0.9955206965;-0.0871212421
Job_20250821_1307_Track01_Sphere_00555.jpg;400209.380165;388671.605;5819602.562;35.493;-164.3281774136;93.5419387329;-138.0789793541;-0.0570255399;0.0836870174;0.9948590709;0.9977466830;0.0400603924;0.0538211995;-0.0353503091;0.9956865210;-0.0857829095
Job_20250821_1307_Track01_Sphere_00556.jpg;400209.621159;388668.482;5819602.303;35.501;-163.5239878344;93.6296941339;-138.7315063623;-0.0570964485;0.0819727453;0.9949977209;0.9978224881;0.0376470730;0.0541569948;-0.0330193542;0.9959232736;-0.0839437628
Job_20250821_1307_Track01_Sphere_00557.jpg;400209.840347;388665.647;5819602.075;35.503;-162.8868372577;93.6988809169;-139.5510511161;-0.0575175056;0.0803516126;0.9951057004;0.9976985767;0.0404757908;0.0543990838;-0.0359066360;0.9959444406;-0.0824947560
Job_20250821_1307_Track01_Sphere_00558.jpg;400210.080517;388662.550;5819601.829;35.498;-162.7541595847;93.6908584466;-139.9832931020;-0.0581354154;0.0800607096;0.9950932400;0.9974834808;0.0451792002;0.0546401438;-0.0405829880;0.9957655962;-0.0824857469
Job_20250821_1307_Track01_Sphere_00559.jpg;400210.305017;388659.668;5819601.596;35.496;-163.2428759223;93.5991390193;-139.6017803988;-0.0584899377;0.0815726798;0.9949496596;0.9973955234;0.0469091396;0.0547877949;-0.0422030452;0.9955628712;-0.0841039384
Job_20250821_1307_Track01_Sphere_00560.jpg;400210.538926;388656.679;5819601.348;35.499;-163.7277382897;93.4526808820;-139.1796019219;-0.0592689774;0.0838275200;0.9947161078;0.9973118676;0.0479798636;0.0553802448;-0.0430839546;0.9953245097;-0.0864458979
Job_20250821_1307_Track01_Sphere_00561.jpg;400210.780356;388653.605;5819601.087;35.511;-163.3092409558;93.4354192772;-139.4751274385;-0.0598141996;0.0837709831;0.9946882345;0.9973616154;0.0460786076;0.0560942962;-0.0411347745;0.9954190998;-0.0863061181
Job_20250821_1307_Track01_Sphere_00562.jpg;400211.011041;388650.681;5819600.834;35.522;-162.9529054308;93.5268948839;-139.5666695594;-0.0591023241;0.0825228117;0.9948351124;0.9975639640;0.0418750295;0.0557908570;-0.0370547313;0.9957090275;-0.0847966947
Job_20250821_1307_Track01_Sphere_00563.jpg;400211.245558;388647.719;5819600.584;35.528;-162.6852397356;93.5939327076;-139.7940789800;-0.0587836838;0.0814616140;0.9949414475;0.9976043683;0.0412042468;0.0555673858;-0.0364692040;0.9958243899;-0.0836885993
Job_20250821_1307_Track01_Sphere_00564.jpg;400211.483864;388644.719;5819600.339;35.528;-163.1807914721;93.6561430818;-139.4103522964;-0.0577274086;0.0810225854;0.9950391384;0.9975982135;0.0428989485;0.0543827613;-0.0382799008;0.9957886427;-0.0833044315
Job_20250821_1307_Track01_Sphere_00565.jpg;400211.720984;388641.742;5819600.100;35.526;-163.4257730539;93.6468515632;-139.4217882672;-0.0578262532;0.0811304747;0.9950246080;0.9974305266;0.0469161829;0.0541407092;-0.0422902950;0.9955986731;-0.0836349991
Job_20250821_1307_Track01_Sphere_00566.jpg;400211.962070;388638.722;5819599.853;35.526;-163.7285246739;93.6111479466;-139.1878933507;-0.0578500025;0.0817979800;0.9949685762;0.9973837131;0.0480108593;0.0540433741;-0.0433486575;0.9954918623;-0.0843614014
Job_20250821_1307_Track01_Sphere_00567.jpg;400212.198791;388635.763;5819599.608;35.529;-164.2755730897;93.5746122669;-138.5357777891;-0.0573340032;0.0828558022;0.9949109147;0.9974840238;0.0463732891;0.0536203346;-0.0416945356;0.9954820109;-0.0853061053
Job_20250821_1307_Track01_Sphere_00568.jpg;400212.437332;388632.785;5819599.359;35.534;-164.4033380407;93.5883744501;-138.1987357327;-0.0567730964;0.0829806712;0.9949326730;0.9976469635;0.0430804047;0.0533349319;-0.0384363338;0.9956195493;-0.0852312226
Job_20250821_1307_Track01_Sphere_00569.jpg;400212.676117;388629.805;5819599.114;35.541;-164.5747796178;93.5997346004;-137.9594091155;-0.0563610441;0.0830466080;0.9949505986;0.9977101371;0.0420032129;0.0530114367;-0.0373887018;0.9956600780;-0.0852237876
Job_20250821_1307_Track01_Sphere_00570.jpg;400212.915303;388626.821;5819598.870;35.546;-164.3659111275;93.6753424567;-138.0346208452;-0.0557943618;0.0820029484;0.9950690959;0.9978163687;0.0398631430;0.0526633100;-0.0353480350;0.9958345476;-0.0840480228
Job_20250821_1307_Track01_Sphere_00571.jpg;400213.161497;388623.753;5819598.627;35.545;-164.1115621443;93.7983349097;-138.4424445100;-0.0552268336;0.0800612336;0.9952588587;0.9977568548;0.0421928705;0.0519713420;-0.0378319384;0.9958965612;-0.0822118232
Job_20250821_1307_Track01_Sphere_00572.jpg;400213.396812;388620.830;5819598.399;35.541;-165.1197094079;93.7419508573;-137.5128625496;-0.0545417970;0.0815918760;0.9951723259;0.9977475942;0.0434311802;0.0511221162;-0.0390503592;0.9957190861;-0.0837769126
Job_20250821_1307_Track01_Sphere_00573.jpg;400213.637462;388617.848;5819598.167;35.541;-165.2558353975;93.7793108780;-137.4703620939;-0.0541630689;0.0811425125;0.9952297497;0.9977085552;0.0448693517;0.0506397094;-0.0405462804;0.9956920377;-0.0833868407
Job_20250821_1307_Track01_Sphere_00574.jpg;400213.878069;388614.880;5819597.932;35.543;-166.3632277976;93.7642095976;-136.1673541361;-0.0526180670;0.0824330199;0.9952065797;0.9979098933;0.0417767024;0.0493006285;-0.0375124494;0.9957205955;-0.0844589355
Job_20250821_1307_Track01_Sphere_00575.jpg;400214.131671;388611.768;5819597.690;35.548;-167.2198416443;93.7051718400;-135.2607836364;-0.0519243149;0.0839588364;0.9951154603;0.9979757180;0.0410015045;0.0486142249;-0.0367196372;0.9956253263;-0.0859178551
Job_20250821_1307_Track01_Sphere_00576.jpg;400214.368731;388608.870;5819597.469;35.558;-165.0928322265;93.9694900704;-137.4378130908;-0.0524719985;0.0786961999;0.9955167490;0.9979135997;0.0416851572;0.0493030956;-0.0376183059;0.9960267345;-0.0807193117
Job_20250821_1307_Track01_Sphere_00577.jpg;400214.615687;388605.894;5819597.230;35.556;-166.7669238914;93.8344206952;-135.2358133757;-0.0508292857;0.0822603409;0.9953138299;0.9982769196;0.0334415551;0.0482167409;-0.0293185168;0.9960496467;-0.0838184101
Job_20250821_1307_Track01_Sphere_00578.jpg;400214.865912;388602.906;5819596.995;35.562;-167.2589887550;93.9393291654;-134.4280633465;-0.0489370357;0.0814923951;0.9954718259;0.9985021339;0.0284066889;0.0467605454;-0.0244674296;0.9962690648;-0.0827604696
Job_20250821_1307_Track01_Sphere_00579.jpg;400215.123213;388599.863;5819596.777;35.565;-168.3101051432;93.7485485282;-133.7644747156;-0.0495937931;0.0845710588;0.9951824917;0.9983054818;0.0345659065;0.0468119974;-0.0304404448;0.9958177213;-0.0861420060
Job_20250821_1307_Track01_Sphere_00580.jpg;400215.373718;388596.909;5819596.561;35.574;-167.7065199448;93.8146123319;-134.4935330197;-0.0500264253;0.0831127206;0.9952836944;0.9982213885;0.0365144407;0.0471248886;-0.0324255497;0.9958709612;-0.0847915823
Job_20250821_1307_Track01_Sphere_00581.jpg;400215.628748;388593.915;5819596.337;35.578;-167.5532558813;93.7531767314;-134.6966365923;-0.0507892446;0.0837739809;0.9951896165;0.9981588386;0.0373407911;0.0477974708;-0.0331569832;0.9957849092;-0.0855162501
Job_20250821_1307_Track01_Sphere_00582.jpg;400215.883175;388590.937;5819596.112;35.581;-167.2072607885;93.7291969967;-135.0911936353;-0.0515037890;0.0837769327;0.9951526442;0.9980977076;0.0381304618;0.0484461966;-0.0338869562;0.9957547356;-0.0855814277
Job_20250821_1307_Track01_Sphere_00583.jpg;400216.147523;388587.845;5819595.876;35.586;-166.8576175094;93.7225680741;-135.5133673763;-0.0521130712;0.0835214587;0.9951423987;0.9980275291;0.0392846121;0.0489670339;-0.0350039850;0.9957313318;-0.0854039569
Job_20250821_1307_Track01_Sphere_00584.jpg;400216.392592;388584.973;5819595.658;35.588;-166.8589916277;93.6812365916;-135.6252056067;-0.0526026753;0.0839772943;0.9950782746;0.9979392514;0.0410863566;0.0492865281;-0.0367451915;0.9956202717;-0.0859654905
Job_20250821_1307_Track01_Sphere_00585.jpg;400216.646252;388581.990;5819595.431;35.592;-166.4500121085;93.7013054047;-136.1162686886;-0.0530803025;0.0833044912;0.9951094629;0.9978658731;0.0423744838;0.0496799994;-0.0380286828;0.9956228025;-0.0853759593
Job_20250821_1307_Track01_Sphere_00586.jpg;400216.897483;388579.023;5819595.201;35.593;-166.1258525099;93.6769168424;-136.5180420782;-0.0538118570;0.0832880391;0.9950715485;0.9977808319;0.0436184430;0.0503074828;-0.0392134600;0.9955704566;-0.0854503984
Job_20250821_1307_Track01_Sphere_00587.jpg;400217.152615;388575.997;5819594.963;35.595;-166.5303812266;93.5480836886;-136.1231315131;-0.0543763578;0.0853182307;0.9948688412;0.9977474582;0.0438407573;0.0507739863;-0.0392838567;0.9953887620;-0.0875099485
Job_20250821_1307_Track01_Sphere_00588.jpg;400217.399803;388573.058;5819594.728;35.602;-165.9868862954;93.5150366242;-136.6209467573;-0.0553228024;0.0853237339;0.9948161880;0.9977250129;0.0431671560;0.0517821899;-0.0385251358;0.9954177299;-0.0875177515
Job_20250821_1307_Track01_Sphere_00589.jpg;400217.650275;388570.073;5819594.478;35.612;-165.6178964690;93.5273650654;-136.5649952208;-0.0551431233;0.0852105837;0.9948358620;0.9979695258;0.0365113696;0.0521895153;-0.0318757208;0.9956937663;-0.0870509168
Job_20250821_1307_Track01_Sphere_00590.jpg;400217.901610;388567.076;5819594.233;35.619;-165.1746825662;93.5714089022;-136.9031175767;-0.0552179037;0.0843406537;0.9949058434;0.9980160201;0.0348491155;0.0524362739;-0.0302490790;0.9958273913;-0.0860976187
Job_20250821_1307_Track01_Sphere_00591.jpg;400218.151920;388564.090;5819594.000;35.623;-164.8136310164;93.5805641741;-137.4589929000;-0.0558728103;0.0837362831;0.9949203305;0.9978827242;0.0379090184;0.0528486053;-0.0332911073;0.9957666098;-0.0856770737
Job_20250821_1307_Track01_Sphere_00592.jpg;400218.400043;388561.126;5819593.767;35.624;-164.3222466459;93.6300100606;-138.1933677378;-0.0563987084;0.0824483752;0.9949982166;0.9977183058;0.0416992877;0.0530975678;-0.0371129087;0.9957225692;-0.0846120392
Job_20250821_1307_Track01_Sphere_00593.jpg;400218.649692;388558.131;5819593.526;35.623;-165.1239030424;93.4958339203;-137.4524055322;-0.0565989468;0.0848435539;0.9947854696;0.9976740605;0.0427168529;0.0531200476;-0.0379872110;0.9954781976;-0.0870639418
Job_20250821_1307_Track01_Sphere_00594.jpg;400218.895389;388555.165;5819593.286;35.626;-165.2399999148;93.4243368324;-137.3322858447;-0.0570569679;0.0858807061;0.9946703005;0.9976522806;0.0426996023;0.0535413012;-0.0378738615;0.9953899981;-0.0881153922
Job_20250821_1307_Track01_Sphere_00595.jpg;400219.145791;388552.121;5819593.036;35.634;-164.8591014397;93.4237182297;-137.6948344934;-0.0575505164;0.0855624013;0.9946692986;0.9976353041;0.0424258456;0.0540726147;-0.0375731034;0.9954291151;-0.0878017016
Job_20250821_1307_Track01_Sphere_00596.jpg;400219.383143;388549.215;5819592.793;35.642;-164.5765091565;93.4150251659;-137.8689632818;-0.0578604435;0.0855171610;0.9946552087;0.9976804009;0.0407419708;0.0545335633;-0.0358606579;0.9955033435;-0.0876761439
Job_20250821_1307_Track01_Sphere_00597.jpg;400219.625580;388546.218;5819592.543;35.646;-163.9605428862;93.4741933738;-138.4207311052;-0.0580747691;0.0842512942;0.9947507430;0.9977026498;0.0397143282;0.0548834649;-0.0348818545;0.9956527967;-0.0863641399
Job_20250821_1307_Track01_Sphere_00598.jpg;400219.863293;388543.252;5819592.301;35.644;-163.6665208899;93.5013512774;-138.8626287385;-0.0584149173;0.0834984326;0.9947943050;0.9975988157;0.0420217362;0.0550524897;-0.0372061873;0.9956215071;-0.0857526337
Job_20250821_1307_Track01_Sphere_00599.jpg;400220.106899;388540.183;5819592.048;35.640;-163.9865423958;93.4344154337;-138.5651957507;-0.0586197083;0.0846302255;0.9946866113;0.9975751347;0.0424131013;0.0551813329;-0.0375177353;0.9955093439;-0.0869112522
Job_20250821_1307_Track01_Sphere_00600.jpg;400220.332629;388537.311;5819591.810;35.637;-163.6473243356;93.4294183237;-138.9693119315;-0.0592006068;0.0843203146;0.9946785273;0.9975027152;0.0434444420;0.0556858477;-0.0385178054;0.9954911677;-0.0866816801
Job_20250821_1307_Track01_Sphere_00601.jpg;400220.564637;388534.335;5819591.559;35.639;-164.4967656638;93.2304832640;-138.0241807782;-0.0596900805;0.0877595649;0.9943517250;0.9975349506;0.0420602502;0.0561690102;-0.0368933144;0.9952533316;-0.0900538129
Job_20250821_1307_Track01_Sphere_00602.jpg;400220.806607;388531.198;5819591.291;35.649;-163.9863548346;93.2555843105;-138.4509525597;-0.0600543839;0.0870347484;0.9943934953;0.9975605166;0.0407492403;0.0566790537;-0.0355877323;0.9953715146;-0.0892695991
Job_20250821_1307_Track01_Sphere_00603.jpg;400221.024499;388528.350;5819591.044;35.656;-163.5053347986;93.2456637523;-138.7640491095;-0.0605703328;0.0868654502;0.9943770051;0.9976203362;0.0381414843;0.0574359808;-0.0329378126;0.9954896387;-0.0889689820
Job_20250821_1307_Track01_Sphere_00604.jpg;400221.247816;388525.405;5819590.790;35.660;-162.9342216955;93.3033969119;-139.2272519835;-0.0606795761;0.0856864831;0.9944726319;0.9976671246;0.0364262749;0.0577359065;-0.0312777467;0.9956560416;-0.0876969182
Job_20250821_1307_Track01_Sphere_00605.jpg;400221.472123;388522.424;5819590.539;35.660;-163.0827485050;93.2357471435;-139.2752750533;-0.0613555407;0.0865025946;0.9943604974;0.9975263760;0.0395517253;0.0581101557;-0.0343019940;0.9954662034;-0.0887153372
Job_20250821_1307_Track01_Sphere_00606.jpg;400221.694336;388519.446;5819590.285;35.663;-162.2812098316;93.2958395628;-140.1304504612;-0.0619586835;0.0849123676;0.9944601608;0.9974590661;0.0403722404;0.0586983273;-0.0351643708;0.9955701743;-0.0871980218
Job_20250821_1307_Track01_Sphere_00607.jpg;400221.915908;388516.460;5819590.031;35.665;-163.1429083352;93.1484549280;-139.4132339845;-0.0623340094;0.0874797432;0.9942141448;0.9973569558;0.0427191508;0.0587722452;-0.0373306031;0.9952499026;-0.0899113863
Job_20250821_1307_Track01_Sphere_00608.jpg;400222.140102;388513.419;5819589.764;35.675;-162.9526753247;93.2065261295;-139.4598263080;-0.0618711713;0.0866958669;0.9943117141;0.9974658506;0.0404313372;0.0585421552;-0.0351259893;0.9954140514;-0.0889777008
Job_20250821_1307_Track01_Sphere_00609.jpg;400222.354732;388510.493;5819589.508;35.683;-162.9438445371;93.2247722748;-139.3918740729;-0.0616132983;0.0865297119;0.9943421999;0.9975228751;0.0392148925;0.0583978244;-0.0339398756;0.9954771726;-0.0887315259
Job_20250821_1307_Track01_Sphere_00610.jpg;400222.571602;388507.520;5819589.252;35.690;-161.7813934393;93.3870643691;-140.5840982742;-0.0617139706;0.0833234889;0.9946097637;0.9974973918;0.0395954819;0.0585760296;-0.0345012937;0.9957356045;-0.0855585572
Job_20250821_1307_Track01_Sphere_00611.jpg;400222.788718;388504.540;5819588.997;35.690;-162.3934609122;93.3419416202;-139.9945399347;-0.0613540007;0.0844617699;0.9945360205;0.9975080083;0.0399640063;0.0581433705;-0.0348347518;0.9956249734;-0.0867032436
Job_20250821_1307_Track01_Sphere_00612.jpg;400223.007946;388501.522;5819588.740;35.692;-161.7298991373;93.4562981529;-140.7083942852;-0.0612310188;0.0823348360;0.9947219396;0.9974851972;0.0406866672;0.0580334086;-0.0356937494;0.9957738548;-0.0846190662
Job_20250821_1307_Track01_Sphere_00613.jpg;400223.223161;388498.558;5819588.487;35.692;-161.6380970130;93.4455646757;-140.9096894114;-0.0615915557;0.0822750738;0.9947046258;0.9974006559;0.0424124938;0.0582504248;-0.0373953457;0.9957067804;-0.0846734640
Job_20250821_1307_Track01_Sphere_00614.jpg;400223.439844;388495.576;5819588.229;35.689;-162.3058834913;93.4159557580;-140.1368002831;-0.0608609054;0.0833904290;0.9946567179;0.9975059622;0.0407689715;0.0576172392;-0.0357464051;0.9956826439;-0.0856636866
Job_20250821_1307_Track01_Sphere_00615.jpg;400223.657083;388492.588;5819587.972;35.693;-163.2297656187;93.3370299520;-139.1770377364;-0.0603086683;0.0853053034;0.9945279633;0.9975606780;0.0402366106;0.0570412918;-0.0351505097;0.9955420736;-0.0875238327
Job_20250821_1307_Track01_Sphere_00616.jpg;400223.873690;388489.607;5819587.718;35.702;-162.3636441635;93.4317314970;-140.1474480843;-0.0607295111;0.0831811750;0.9946822702;0.9974745326;0.0418276698;0.0574021149;-0.0368304662;0.9956562349;-0.0855112776
Job_20250821_1307_Track01_Sphere_00617.jpg;400224.101302;388486.481;5819587.452;35.708;-162.4351136194;93.4542242928;-140.0193438857;-0.0603553467;0.0830189488;0.9947185965;0.9975288401;0.0409218823;0.0571105311;-0.0359645011;0.9957074137;-0.0852836501
Job_20250821_1307_Track01_Sphere_00618.jpg;400224.308852;388483.630;5819587.212;35.712;-162.1380060251;93.5324539446;-140.3472755084;-0.0600582841;0.0817219291;0.9948439721;0.9975273295;0.0413566403;0.0568230164;-0.0364997178;0.9957967436;-0.0840036666
Job_20250821_1307_Track01_Sphere_00619.jpg;400224.527086;388480.640;5819586.959;35.711;-162.2683597581;93.5729376086;-140.2188081835;-0.0595196266;0.0813324083;0.9949082638;0.9975572502;0.0413536537;0.0562974948;-0.0365642810;0.9958287577;-0.0835950876
Job_20250821_1307_Track01_Sphere_00620.jpg;400224.745164;388477.661;5819586.708;35.711;-163.5987557885;93.4852086597;-138.8040268572;-0.0584824368;0.0837589882;0.9947684336;0.9976671234;0.0400550413;0.0552802370;-0.0352152740;0.9956806845;-0.0859061053
Job_20250821_1307_Track01_Sphere_00621.jpg;400224.963891;388474.682;5819586.461;35.718;-164.2907250645;93.4465346890;-138.1961503809;-0.0580212111;0.0848123306;0.9947061916;0.9976470439;0.0413780864;0.0546647022;-0.0365227979;0.9955374039;-0.0870135776
Job_20250821_1307_Track01_Sphere_00622.jpg;400225.197539;388471.505;5819586.199;35.728;-163.8815288664;93.5245222771;-138.6650248965;-0.0579488240;0.0833820192;0.9948313288;0.9976148880;0.0422713949;0.0545679793;-0.0375029197;0.9956206949;-0.0856327214
Job_20250821_1307_Track01_Sphere_00623.jpg;400225.405036;388468.694;5819585.964;35.734;-163.6458901387;93.5758542236;-138.7178621737;-0.0575596605;0.0826755492;0.9949128801;0.9977396847;0.0393778257;0.0544509728;-0.0346757419;0.9957982428;-0.0847552507
Job_20250821_1307_Track01_Sphere_00624.jpg;400225.625721;388465.713;5819585.718;35.739;-163.3439130891;93.6504586698;-138.9557581695;-0.0571984170;0.0815054588;0.9950302514;0.9977931895;0.0383303116;0.0542175087;-0.0337207967;0.9959355639;-0.0835180249
Job_20250821_1307_Track01_Sphere_00625.jpg;400225.848295;388462.716;5819585.472;35.738;-162.5922990667;93.7458843165;-139.7855699979;-0.0573832498;0.0795433149;0.9951783879;0.9977386989;0.0395105200;0.0543728560;-0.0349950184;0.9960480811;-0.0816306855
Job_20250821_1307_Track01_Sphere_00626.jpg;400226.078114;388459.636;5819585.219;35.733;-163.2584687828;93.7144567996;-138.9899395523;-0.0566671024;0.0806562219;0.9951298475;0.9978487829;0.0374848651;0.0537837466;-0.0329643143;0.9960368762;-0.0826068715
Job_20250821_1307_Track01_Sphere_00627.jpg;400226.294691;388456.745;5819584.982;35.730;-164.1346618653;93.5817540251;-138.1653003037;-0.0567878854;0.0830959004;0.9949222117;0.9978174224;0.0383587250;0.0537494168;-0.0336975914;0.9958030325;-0.0850928481
Job_20250821_1307_Track01_Sphere_00628.jpg;400226.517834;388453.775;5819584.741;35.735;-164.1813672331;93.6089776681;-138.1542966176;-0.0565335223;0.0827544009;0.9949651602;0.9978120962;0.0388979005;0.0534600226;-0.0342780037;0.9958105555;-0.0847723776
Job_20250821_1307_Track01_Sphere_00629.jpg;400226.742233;388450.797;5819584.499;35.741;-164.1076941344;93.6456328108;-138.1997046539;-0.0562690343;0.0822412382;0.9950227005;0.9978412834;0.0384318161;0.0532519361;-0.0338610243;0.9958711635;-0.0842262239
Job_20250821_1307_Track01_Sphere_00630.jpg;400226.967747;388447.815;5819584.259;35.744;-164.4227846021;93.6503136802;-137.8860250978;-0.0558221140;0.0824569076;0.9950300247;0.9978651828;0.0384408528;0.0527956231;-0.0338964389;0.9958529807;-0.0844267268
Job_20250821_1307_Track01_Sphere_00631.jpg;400227.196239;388444.799;5819584.016;35.744;-163.5795380480;93.8119631464;-138.7412864605;-0.0554802463;0.0796262960;0.9952796568;0.9978746266;0.0385441318;0.0525412162;-0.0341785278;0.9960793156;-0.0815954984
Job_20250821_1307_Track01_Sphere_00632.jpg;400227.420787;388441.845;5819583.778;35.738;-164.8908552449;93.6780272151;-137.3950512352;-0.0549444744;0.0825243993;0.9950732778;0.9979248047;0.0380479395;0.0519464965;-0.0335736344;0.9958624794;-0.0844436691
Job_20250821_1307_Track01_Sphere_00633.jpg;400227.648376;388438.848;5819583.539;35.736;-164.3513025920;93.6821261855;-138.0689181561;-0.0557788374;0.0818852439;0.9950796592;0.9978061149;0.0401675534;0.0526262743;-0.0356606000;0.9958320011;-0.0839460965
Job_20250821_1307_Track01_Sphere_00634.jpg;400227.875449;388435.865;5819583.291;35.736;-165.8329295865;93.4921667179;-136.2229807848;-0.0549808908;0.0859689660;0.9947795929;0.9980404823;0.0345371970;0.0521764097;-0.0298713468;0.9956990102;-0.0876993941
Job_20250821_1307_Track01_Sphere_00635.jpg;400228.108145;388432.806;5819583.041;35.751;-166.7818970838;93.3923076004;-135.0808141720;-0.0542466724;0.0882708074;0.9946183002;0.9981675170;0.0315405743;0.0516410711;-0.0268124334;0.9955970353;-0.0898200238
Job_20250821_1307_Track01_Sphere_00636.jpg;400228.329655;388429.885;5819582.813;35.763;-164.5049362111;93.7882639346;-137.5340916448;-0.0541664480;0.0809719168;0.9952434600;0.9980877655;0.0341153493;0.0515456629;-0.0297793272;0.9961323665;-0.0826649868
Job_20250821_1307_Track01_Sphere_00637.jpg;400228.569787;388426.739;5819582.568;35.756;-165.6018091646;93.6692834942;-136.5257155998;-0.0538866564;0.0833817600;0.9950596517;0.9980622166;0.0355473090;0.0510705448;-0.0311133410;0.9958834625;-0.0851357098
Job_20250821_1307_Track01_Sphere_00638.jpg;400228.785319;388423.918;5819582.347;35.759;-165.4472603451;93.7769843035;-136.6774058574;-0.0531680189;0.0818413414;0.9952261836;0.9980998933;0.0354356287;0.0504075309;-0.0311410456;0.9960152163;-0.0835698763
Job_20250821_1307_Track01_Sphere_00639.jpg;400229.015546;388420.920;5819582.119;35.759;-165.2600422758;93.8155759518;-137.1358501597;-0.0534236814;0.0809527962;0.9952851627;0.9979440523;0.0396681014;0.0503399460;-0.0354059134;0.9959282537;-0.0829055775
Job_20250821_1307_Track01_Sphere_00640.jpg;400229.246580;388417.929;5819581.888;35.757;-165.5197025025;93.8129723517;-136.9318524142;-0.0531863145;0.0811576154;0.9952811951;0.9979252240;0.0405340659;0.0500223624;-0.0362830979;0.9958767147;-0.0831450891
Job_20250821_1307_Track01_Sphere_00641.jpg;400229.477615;388414.952;5819581.656;35.757;-166.1253233532;93.7741173706;-136.2310174183;-0.0526170093;0.0822498869;0.9952217876;0.9980087115;0.0390469621;0.0495373253;-0.0347859480;0.9958465197;-0.0841406380
Job_20250821_1307_Track01_Sphere_00642.jpg;400229.719093;388411.857;5819581.414;35.760;-166.0858391167;93.7566837127;-136.2690314047;-0.0528131159;0.0824479433;0.9951950118;0.9979996343;0.0390367039;0.0497279164;-0.0347491686;0.9958305440;-0.0843446672
Job_20250821_1307_Track01_Sphere_00643.jpg;400229.944802;388408.980;5819581.189;35.766;-166.9292351082;93.6676080428;-135.2806941624;-0.0522595609;0.0844418642;0.9950570385;0.9981062258;0.0367930552;0.0492973940;-0.0324484247;0.9957488853;-0.0862047392
Job_20250821_1307_Track01_Sphere_00644.jpg;400230.180918;388405.974;5819580.958;35.775;-165.1969351977;93.9352171507;-137.0516905025;-0.0522883298;0.0794606992;0.9954656839;0.9980805094;0.0372831018;0.0494496419;-0.0331847453;0.9961405361;-0.0812576462
Job_20250821_1307_Track01_Sphere_00645.jpg;400230.416856;388402.996;5819580.732;35.770;-165.4637124972;93.7259286573;-137.0507078965;-0.0540857220;0.0821948942;0.9951475941;0.9978430539;0.0415788999;0.0507979811;-0.0372018075;0.9957485599;-0.0842664291
Job_20250821_1307_Track01_Sphere_00646.jpg;400230.654738;388400.003;5819580.498;35.772;-164.1185381850;93.8160028972;-138.4392025587;-0.0550659276;0.0798366695;0.9952858131;0.9977630324;0.0422393356;0.0518147635;-0.0379034934;0.9959126190;-0.0819840256
Job_20250821_1307_Track01_Sphere_00647.jpg;400230.895190;388396.997;5819580.256;35.771;-164.1949284823;93.7485785126;-138.3299842314;-0.0555258552;0.0807997265;0.9951825378;0.9977586900;0.0417679794;0.0522784125;-0.0373426823;0.9958548288;-0.0829378320
Job_20250821_1307_Track01_Sphere_00648.jpg;400231.140819;388393.942;5819580.005;35.772;-163.9412280381;93.7549774548;-138.4151502729;-0.0555771343;0.0806430076;0.9951923872;0.9978511210;0.0391296490;0.0525548365;-0.0347033488;0.9959746864;-0.0826444293
Job_20250821_1307_Track01_Sphere_00649.jpg;400231.374710;388391.049;5819579.767;35.774;-164.6334953358;93.6661472470;-137.5180632085;-0.0552070380;0.0825724433;0.9950547596;0.9979793442;0.0359583244;0.0523853752;-0.0314549134;0.9959361378;-0.0843907454
Job_20250821_1307_Track01_Sphere_00650.jpg;400231.618833;388388.044;5819579.527;35.777;-164.8293389343;93.6536699232;-137.4412223622;-0.0552155306;0.0828012738;0.9950352729;0.9979185567;0.0378259800;0.0522278603;-0.0333136510;0.9958479524;-0.0847175092
Job_20250821_1307_Track01_Sphere_00651.jpg;400231.862085;388385.064;5819579.291;35.780;-163.5851563845;93.8004791615;-138.8610556532;-0.0557328653;0.0796688916;0.9952621340;0.9977917237;0.0405170670;0.0526312014;-0.0361320331;0.9959976079;-0.0817510929
Job_20250821_1307_Track01_Sphere_00652.jpg;400232.114091;388382.007;5819579.048;35.780;-163.1516077597;93.8997484637;-139.3050940337;-0.0553886796;0.0780127071;0.9954125334;0.9978027165;0.0406264006;0.0523376969;-0.0363570229;0.9961242458;-0.0800915338
Job_20250821_1307_Track01_Sphere_00653.jpg;400232.358985;388379.077;5819578.817;35.776;-163.2455694335;93.8830749888;-139.3859956340;-0.0556389686;0.0781546363;0.9953874411;0.9976857241;0.0433756419;0.0523617187;-0.0390832581;0.9959971920;-0.0803871409
Job_20250821_1307_Track01_Sphere_00654.jpg;400232.613290;388376.075;5819578.577;35.773;-163.3929466231;93.7337554877;-139.3317476357;-0.0569245892;0.0801049040;0.9951596834;0.9975593860;0.0449321310;0.0534450653;-0.0404334335;0.9957732211;-0.0824671419
Job_20250821_1307_Track01_Sphere_00655.jpg;400232.870223;388373.079;5819578.328;35.775;-163.5840210142;93.6012335440;-138.9783655741;-0.0576695259;0.0821147386;0.9949529614;0.9976198566;0.0424748285;0.0543186028;-0.0378000986;0.9957173588;-0.0843687969
Job_20250821_1307_Track01_Sphere_00656.jpg;400233.134992;388370.023;5819578.074;35.783;-163.1233149901;93.6215510303;-139.4036514104;-0.0580325610;0.0814690222;0.9949849347;0.9976195680;0.0419190534;0.0547539086;-0.0372480792;0.9957939503;-0.0837077608
Job_20250821_1307_Track01_Sphere_00657.jpg;400233.392407;388367.088;5819577.830;35.789;-162.1625243284;93.7081323851;-140.3394023629;-0.0584224726;0.0795166698;0.9951200500;0.9976098871;0.0414922031;0.0552531471;-0.0368961770;0.9959696262;-0.0817506930
Job_20250821_1307_Track01_Sphere_00658.jpg;400233.658820;388364.090;5819577.581;35.789;-162.2930596768;93.7625511999;-140.0865964270;-0.0576052980;0.0790605134;0.9952040318;0.9977247579;0.0395348029;0.0546105004;-0.0350276610;0.9960855559;-0.0811580457
Job_20250821_1307_Track01_Sphere_00659.jpg;400233.928969;388361.092;5819577.335;35.788;-162.5118987979;93.7341921899;-139.9022289148;-0.0576361180;0.0795860588;0.9951603575;0.9977044534;0.0400890107;0.0545774205;-0.0355513924;0.9960215512;-0.0817139402
Job_20250821_1307_Track01_Sphere_00660.jpg;400234.220008;388357.909;5819577.068;35.788;-162.1354935677;93.7632774558;-140.1651581737;-0.0576961212;0.0789801980;0.9952051477;0.9977622607;0.0383001371;0.0548048410;-0.0337879964;0.9961401647;-0.0810132302
Job_20250821_1307_Track01_Sphere_00661.jpg;400234.482513;388355.087;5819576.833;35.787;-163.9349396747;93.5554267060;-138.2977271767;-0.0571934674;0.0833168018;0.9948805043;0.9978301086;0.0373286820;0.0542369230;-0.0326187310;0.9958237194;-0.0852709702
Job_20250821_1307_Track01_Sphere_00662.jpg;400234.764085;388352.100;5819576.588;35.798;-164.1471747405;93.5390369445;-138.1185925298;-0.0571031610;0.0836889754;0.9948544539;0.9978184094;0.0378522440;0.0540890876;-0.0331308133;0.9957727467;-0.0856678831
Job_20250821_1307_Track01_Sphere_00663.jpg;400235.056577;388349.046;5819576.336;35.811;-163.9805603905;93.5866232780;-138.1982866846;-0.0567879646;0.0830036591;0.9949299069;0.9978796370;0.0364618032;0.0539144416;-0.0318018425;0.9958819857;-0.0848982528
Job_20250821_1307_Track01_Sphere_00664.jpg;400235.343437;388346.100;5819576.095;35.821;-163.7063364435;93.7150677469;-138.3964720120;-0.0559073434;0.0811731048;0.9951307934;0.9979638755;0.0351891483;0.0531961195;-0.0306997109;0.9960786369;-0.0829751580
Job_20250821_1307_Track01_Sphere_00665.jpg;400235.641729;388343.095;5819575.856;35.825;-162.3752341906;93.8012084906;-139.9623495356;-0.0570959598;0.0786836633;0.9952632478;0.9977758594;0.0388465943;0.0541689630;-0.0344003751;0.9961424714;-0.0807266433
Job_20250821_1307_Track01_Sphere_00666.jpg;400235.949115;388340.078;5819575.612;35.825;-160.7418469743;93.9313723719;-141.6696599152;-0.0579463608;0.0755098163;0.9954599374;0.9976841815;0.0399537573;0.0550451752;-0.0356159137;0.9963443004;-0.0776501241
Job_20250821_1307_Track01_Sphere_00667.jpg;400236.270555;388337.040;5819575.360;35.817;-160.2176118455;93.9391330887;-142.2448157777;-0.0585514363;0.0748876234;0.9954715331;0.9976202647;0.0407571192;0.0556117315;-0.0364079215;0.9963587211;-0.0770957986
Job_20250821_1307_Track01_Sphere_00668.jpg;400236.611402;388333.987;5819575.105;35.811;-160.8975504994;93.9640377709;-141.6271903424;-0.0575852767;0.0751430265;0.9955086446;0.9976392206;0.0417026839;0.0545607162;-0.0374155250;0.9963003622;-0.0773670910
Job_20250821_1307_Track01_Sphere_00669.jpg;400236.984715;388330.889;5819574.850;35.810;-160.7786906120;94.1192438650;-141.7235535847;-0.0562195852;0.0731313893;0.9957364903;0.9977261296;0.0412482457;0.0533024632;-0.0371743002;0.9964689569;-0.0752840573
Job_20250821_1307_Track01_Sphere_00670.jpg;400237.398754;388327.790;5819574.599;35.808;-163.8980247546;93.9093040398;-138.5890736281;-0.0544226472;0.0785079358;0.9954268830;0.9978374279;0.0410762394;0.0513148122;-0.0368597730;0.9960668886;-0.0805736344
Job_20250821_1307_Track01_Sphere_00671.jpg;400237.858045;388324.684;5819574.352;35.816;-163.7987830856;94.0759673833;-138.7120784075;-0.0530852614;0.0762635418;0.9956735545;0.9978913337;0.0413424270;0.0500368843;-0.0373475712;0.9962302324;-0.0782974010
Job_20250821_1307_Track01_Sphere_00672.jpg;400238.378044;388321.547;5819574.108;35.812;-164.0656008137;94.0928721467;-138.4297343480;-0.0525964237;0.0762805599;0.9956981934;0.9979255810;0.0410811656;0.0495668494;-0.0371234553;0.9962397372;-0.0782830445
Job_20250821_1307_Track01_Sphere_00673.jpg;400238.981253;388318.367;5819573.860;35.807;-164.3366430799;94.0509281870;-138.1866958838;-0.0526751456;0.0770222787;0.9956369306;0.9979058601;0.0415397596;0.0495816778;-0.0375396249;0.9961636497;-0.0790490962
Job_20250821_1307_Track01_Sphere_00674.jpg;400239.722336;388315.106;5819573.603;35.800;-165.0469991023;93.9632211315;-137.3790286145;-0.0524536171;0.0788262308;0.9955074301;0.9979751338;0.0400506108;0.0494123553;-0.0359756909;0.9960835175;-0.0807674176
Job_20250821_1307_Track01_Sphere_00675.jpg;400240.692397;388311.760;5819573.342;35.793;-165.7460061223;93.8386658835;-136.7135868857;-0.0526887252;0.0810027581;0.9953202758;0.9979461045;0.0406359433;0.0495206274;-0.0364344709;0.9958851707;-0.0829774429
Job_20250821_1307_Track01_Sphere_00676.jpg;400265.008380;388307.221;5819572.994;35.752;-167.0172588202;93.6289788062;-135.4051702959;-0.0527433056;0.0848523009;0.9949965984;0.9979680650;0.0401466355;0.0494771543;-0.0357475153;0.9955844187;-0.0867973529
Job_20250821_1307_Track01_Sphere_00677.jpg;400269.276710;388306.404;5819572.926;35.772;-168.0071901595;93.4772160364;-134.4566632930;-0.0526951651;0.0876613664;0.9947556003;0.9979497700;0.0408574046;0.0492638714;-0.0363245938;0.9953120904;-0.0896346281
Job_20250821_1307_Track01_Sphere_00678.jpg;400270.763355;388304.235;5819572.765;35.785;-168.1484036690;93.5166770143;-134.3940442347;-0.0522917499;0.0871843577;0.9948188080;0.9979242135;0.0420575373;0.0487691262;-0.0375877242;0.9953039994;-0.0892026439
Job_20250821_1307_Track01_Sphere_00679.jpg;400271.767589;388301.685;5819572.577;35.794;-169.0105260930;93.4463206894;-133.6785133302;-0.0518633934;0.0887156581;0.9947058462;0.9978581820;0.0443647560;0.0480709579;-0.0398652355;0.9950684903;-0.0908265521
Job_20250821_1307_Track01_Sphere_00680.jpg;400272.556362;388298.960;5819572.378;35.803;-168.8782920770;93.5290325839;-133.9567314785;-0.0515934546;0.0873752489;0.9948385202;0.9977761338;0.0466049419;0.0476525570;-0.0422007374;0.9950846925;-0.0895854480
Job_20250821_1307_Track01_Sphere_00681.jpg;400273.224010;388296.163;5819572.169;35.808;-169.2080959499;93.5123020110;-133.5938147076;-0.0512261673;0.0878938252;0.9948118190;0.9978167235;0.0460826112;0.0473093992;-0.0416853223;0.9950633490;-0.0900625643
Job_20250821_1307_Track01_Sphere_00682.jpg;400273.826518;388293.304;5819571.953;35.815;-169.0676881938;93.5143034056;-133.6710774705;-0.0513170202;0.0878045889;0.9948150168;0.9978529889;0.0450976466;0.0474933137;-0.0406936852;0.9951163532;-0.0899303484
Job_20250821_1307_Track01_Sphere_00683.jpg;400274.390343;388290.403;5819571.725;35.822;-166.6690617815;93.3564107407;-135.9860079684;-0.0557966431;0.0879641688;0.9945597215;0.9976735180;0.0439905090;0.0520805775;-0.0391699637;0.9951518176;-0.0902140445
Job_20250821_1307_Track01_Sphere_00684.jpg;400274.922475;388287.478;5819571.484;35.829;-165.0470751793;93.3627819375;-137.4636049625;-0.0577678322;0.0865627589;0.9945701415;0.9976494809;0.0417844585;0.0543099652;-0.0368563543;0.9953697543;-0.0887730890
Job_20250821_1307_Track01_Sphere_00685.jpg;400275.427004;388284.547;5819571.245;35.831;-163.5306894477;93.4691665600;-139.1157345470;-0.0590363502;0.0836764591;0.9947426600;0.9974932838;0.0438864335;0.0555079255;-0.0390110009;0.9955261077;-0.0860576009
Job_20250821_1307_Track01_Sphere_00686.jpg;400275.909402;388281.607;5819571.000;35.829;-162.6867755204;93.4917208753;-139.9508456261;-0.0599219675;0.0826095707;0.9947788783;0.9974461413;0.0437575149;0.0564488722;-0.0388658345;0.9956208810;-0.0850206339
Job_20250821_1307_Track01_Sphere_00687.jpg;400276.380093;388278.638;5819570.749;35.825;-162.0903696170;93.4611054929;-140.5518221486;-0.0609836603;0.0824247957;0.9947296850;0.9973806000;0.0438679743;0.0575112131;-0.0388964263;0.9956313343;-0.0848841218
Job_20250821_1307_Track01_Sphere_00688.jpg;400276.851730;388275.644;5819570.489;35.825;-161.6064387174;93.4258634059;-140.9773916549;-0.0618637533;0.0824557539;0.9946727727;0.9973631448;0.0429924834;0.0584671175;-0.0379425024;0.9956669599;-0.0848980064
Job_20250821_1307_Track01_Sphere_00689.jpg;400277.326189;388272.652;5819570.227;35.826;-161.3431900439;93.3604369443;-141.1409402754;-0.0626909289;0.0831126195;0.9945663074;0.9973717699;0.0414859343;0.0594009244;-0.0363235461;0.9956762575;-0.0854949722
Job_20250821_1307_Track01_Sphere_00690.jpg;400277.804565;388269.657;5819569.963;35.829;-161.6451337187;93.2322345893;-140.8176677264;-0.0634659162;0.0850348084;0.9943546444;0.9973383135;0.0412397386;0.0601296297;-0.0358938140;0.9955241661;-0.0874257902
Job_20250821_1307_Track01_Sphere_00691.jpg;400278.285345;388266.661;5819569.700;35.835;-162.4691502555;93.0427146745;-140.0863007386;-0.0642277526;0.0881503755;0.9940343591;0.9972412969;0.0428108018;0.0606385267;-0.0372100990;0.9951867898;-0.0906568364
Job_20250821_1307_Track01_Sphere_00692.jpg;400278.766285;388263.663;5819569.432;35.852;-160.7036148253;93.6114772951;-141.6829015874;-0.0610074104;0.0794644375;0.9949690945;0.9975241743;0.0397882685;0.0579863381;-0.0349802458;0.9960433208;-0.0816950767
Job_20250821_1307_Track01_Sphere_00693.jpg;400279.248983;388260.681;5819569.187;35.844;-158.5302148260;94.0290470915;-144.2092651976;-0.0599342251;0.0719650694;0.9956047998;0.9973689134;0.0450660659;0.0567829227;-0.0407816045;0.9963885178;-0.0744767228
Job_20250821_1307_Track01_Sphere_00694.jpg;400279.744676;388257.687;5819568.937;35.819;-163.4853266299;93.4781863971;-139.1777936711;-0.0590365292;0.0835037867;0.9947571592;0.9974828062;0.0441430135;0.0554927537;-0.0392777236;0.9955292622;-0.0858996417
Job_20250821_1307_Track01_Sphere_00695.jpg;400280.252809;388254.664;5819568.683;35.830;-163.3957454387;93.5227439590;-139.2485879088;-0.0587267749;0.0828700039;0.9948284919;0.9975113697;0.0438197407;0.0552349315;-0.0390158075;0.9955965010;-0.0852371631
Job_20250821_1307_Track01_Sphere_00696.jpg;400280.782282;388251.623;5819568.422;35.838;-163.7445411495;93.5900045158;-138.4924231718;-0.0571408182;0.0826969229;0.9949352471;0.9978302617;0.0373777129;0.0542003270;-0.0327062038;0.9958735490;-0.0846532854
Job_20250821_1307_Track01_Sphere_00697.jpg;400281.332900;388248.584;5819568.172;35.850;-163.4085705914;93.6532458669;-138.8405613532;-0.0570258787;0.0815731220;0.9950346099;0.9978293401;0.0375343447;0.0541089734;-0.0329341341;0.9959603399;-0.0835364835
Job_20250821_1307_Track01_Sphere_00698.jpg;400281.927842;388245.492;5819567.924;35.850;-163.1612670778;93.7955657495;-139.1306757483;-0.0561140739;0.0794948933;0.9952546270;0.9978553620;0.0381142228;0.0532163750;-0.0337029265;0.9961063537;-0.0814631498
Job_20250821_1307_Track01_Sphere_00699.jpg;400282.632876;388242.251;5819567.659;35.850;-162.3755951553;94.0176588221;-139.7976017539;-0.0549115358;0.0760867718;0.9955880305;0.9979787707;0.0361232766;0.0522827132;-0.0319858789;0.9964466428;-0.0779165676
Job_20250821_1307_Track01_Sphere_00700.jpg;400283.621801;388238.747;5819567.391;35.845;-164.5828295940;93.9260289549;-137.9940614004;-0.0535395381;0.0787968482;0.9954519449;0.9978311122;0.0424531920;0.0503070383;-0.0382960765;0.9959863369;-0.0808988709
Job_20250821_1307_Track01_Sphere_00701.jpg;400286.024040;388234.418;5819567.066;35.845;-166.3013184242;93.8410962703;-136.4128689631;-0.0522849409;0.0812187875;0.9953239641;0.9978131862;0.0446068372;0.0487757675;-0.0404367453;0.9956976141;-0.0833734429
Job_20250821_1307_Track01_Sphere_00702.jpg;400345.137328;388232.045;5819566.887;35.837;-167.3552463755;93.7793202362;-135.3130921057;-0.0513828028;0.0829308410;0.9952297640;0.9978891299;0.0438912841;0.0478627157;-0.0397126170;0.9955882838;-0.0850110420
Job_20250821_1307_Track01_Sphere_00703.jpg;400347.181407;388230.656;5819566.782;35.839;-167.3675062203;93.3743323924;-135.2254310135;-0.0545946318;0.0883862771;0.9945890067;0.9977760757;0.0429762689;0.0509503973;-0.0382404087;0.9951587342;-0.0905359862
Job_20250821_1307_Track01_Sphere_00704.jpg;400348.315873;388228.291;5819566.581;35.844;-161.9897168039;92.8409301298;-140.6789260845;-0.0669242363;0.0900773162;0.9936836638;0.9970036959;0.0447571875;0.0630906051;-0.0387914537;0.9949285760;-0.0928027578
Job_20250821_1307_Track01_Sphere_00705.jpg;400349.373075;388225.305;5819566.289;35.860;-155.0625821050;92.9950860989;-147.4912896680;-0.0745287769;0.0806469105;0.9939524824;0.9965328974;0.0429864957;0.0712344414;-0.0369816965;0.9958153629;-0.0835710303
Job_20250821_1307_Track01_Sphere_00706.jpg;400350.327099;388222.539;5819566.011;35.854;-159.3101924342;92.6825824442;-143.1693008299;-0.0719461070;0.0893156110;0.9934014694;0.9967724317;0.0420032656;0.0684137791;-0.0356156873;0.9951173033;-0.0920493102
Job_20250821_1307_Track01_Sphere_00707.jpg;400351.051253;388219.847;5819565.753;35.859;-160.8927697056;92.6288861287;-141.6295378498;-0.0702747042;0.0916944568;0.9933043806;0.9968676489;0.0426730584;0.0665875411;-0.0362816274;0.9948724223;-0.0944060741
Job_20250821_1307_Track01_Sphere_00708.jpg;400351.634057;388217.115;5819565.498;35.864;-161.8862620598;92.6315059076;-140.7621995784;-0.0689945443;0.0926105688;0.9933091339;0.9968820357;0.0446137501;0.0650831799;-0.0382878551;0.9947024157;-0.0953999177
Job_20250821_1307_Track01_Sphere_00709.jpg;400352.142445;388214.256;5819565.231;35.868;-163.1607153835;92.5665346004;-139.4321924735;-0.0676333234;0.0948570320;0.9931907556;0.9970086927;0.0437502654;0.0637148409;-0.0374085585;0.9945290633;-0.0975322613
Job_20250821_1307_Track01_Sphere_00710.jpg;400352.574789;388211.440;5819564.976;35.874;-160.7869846193;93.0500619445;-141.6643687246;-0.0663230538;0.0864403468;0.9940469400;0.9971651186;0.0412249239;0.0629462620;-0.0355384128;0.9954037232;-0.0889294615
Job_20250821_1307_Track01_Sphere_00711.jpg;400352.998659;388208.500;5819564.706;35.871;-162.8694344611;93.2075358918;-139.2262527273;-0.0615435572;0.0869094152;0.9943134034;0.9976483158;0.0354689076;0.0586497617;-0.0301699937;0.9955846072;-0.0888879145
Job_20250821_1307_Track01_Sphere_00712.jpg;400353.408236;388205.545;5819564.462;35.876;-163.6999193270;93.6601085620;-138.7042364738;-0.0567897993;0.0816070055;0.9950453333;0.9977593223;0.0399507045;0.0536682024;-0.0353730608;0.9958635639;-0.0836929430
Job_20250821_1307_Track01_Sphere_00713.jpg;400353.810928;388202.579;5819564.230;35.866;-168.3340109612;93.6710173824;-133.9222195490;-0.0504188357;0.0854918136;0.9950623552;0.9981752210;0.0374627342;0.0473579119;-0.0332290428;0.9956343171;-0.0872246374
Job_20250821_1307_Track01_Sphere_00714.jpg;400354.202098;388199.611;5819564.010;35.862;-170.9815789733;93.4498980424;-131.3438660016;-0.0485494001;0.0905082892;0.9947116192;0.9982325174;0.0385713211;0.0452116621;-0.0342753111;0.9951484828;-0.0922209319
Job_20250821_1307_Track01_Sphere_00715.jpg;400354.575716;388196.677;5819563.804;35.871;-172.2533199707;93.5214472864;-130.1625212137;-0.0463515098;0.0903987042;0.9948264230;0.9982835115;0.0398823982;0.0428885179;-0.0357989971;0.9951067624;-0.0920921452
Job_20250821_1307_Track01_Sphere_00716.jpg;400354.942229;388193.717;5819563.595;35.881;-172.4674601096;93.4433116776;-130.0211300838;-0.0467052724;0.0915890941;0.9947009879;0.9982271130;0.0410592679;0.0430902237;-0.0368950998;0.9949500361;-0.0933444013
Job_20250821_1307_Track01_Sphere_00717.jpg;400355.302208;388190.744;5819563.380;35.898;-172.1282368500;93.6714998349;-130.1694327282;-0.0452911107;0.0883070079;0.9950631074;0.9983935919;0.0379462370;0.0420751566;-0.0340433693;0.9953702605;-0.0898837780
Job_20250821_1307_Track01_Sphere_00718.jpg;400355.658622;388187.775;5819563.180;35.908;-173.3009072305;93.6884552907;-129.0985290472;-0.0436823347;0.0888185339;0.9950895044;0.9984073421;0.0394756333;0.0403045110;-0.0357020008;0.9952652623;-0.0904014642
Job_20250821_1307_Track01_Sphere_00719.jpg;400356.015980;388184.785;5819562.972;35.925;-175.3152345915;93.6107312813;-126.7140665165;-0.0408207095;0.0915014038;0.9949679205;0.9987168262;0.0336083694;0.0378837505;-0.0299728330;0.9952376453;-0.0927559091
Job_20250821_1307_Track01_Sphere_00720.jpg;400356.374117;388181.789;5819562.787;35.942;-175.2229841368;94.2622142109;-126.8976400566;-0.0369072091;0.0820920817;0.9959411368;0.9988137284;0.0347092107;0.0341526968;-0.0317646648;0.9960201608;-0.0832757183
Job_20250821_1307_Track01_Sphere_00721.jpg;400356.731256;388178.819;5819562.614;35.937;-180.2057762479;93.9548236957;-122.0881907430;-0.0322409079;0.0891648141;0.9954949321;0.9988821881;0.0373219069;0.0290077497;-0.0345672986;0.9953173922;-0.0902684368
Job_20250821_1307_Track01_Sphere_00722.jpg;400357.088727;388175.789;5819562.446;35.953;-185.4785126261;94.3096905565;-116.7380788674;-0.0231999799;0.0861966263;0.9960079832;0.9991592921;0.0356827963;0.0201853190;-0.0338004436;0.9956389304;-0.0869520003
Job_20250821_1307_Track01_Sphere_00723.jpg;400357.428009;388172.885;5819562.310;35.957;-197.0080505313;94.0323080214;-104.7588902343;-0.0069905455;0.0933416583;0.9956095957;0.9995994494;0.0279571631;0.0043974842;-0.0274239513;0.9952415445;-0.0934997060
Job_20250821_1307_Track01_Sphere_00724.jpg;400357.770992;388169.899;5819562.238;35.975;185.8787123542;94.3419642384;-87.6482637948;0.0171132841;0.0870938662;0.9960531080;0.9994462968;0.0269404376;-0.0195272272;-0.0285348083;0.9958357652;-0.0865846027
Job_20250821_1307_Track01_Sphere_00725.jpg;400358.121189;388166.839;5819562.243;35.971;171.4340235707;93.4769719866;-72.9592983235;0.0421510455;0.0931953059;0.9947552082;0.9987753845;0.0218836190;-0.0443715970;-0.0259040686;0.9954073248;-0.0921587600
Job_20250821_1307_Track01_Sphere_00726.jpg;400358.450191;388163.932;5819562.301;35.989;155.9953857185;93.1082508149;-56.7247792065;0.0679176314;0.0840280078;0.9941461106;0.9975885565;0.0085547890;-0.0688758855;-0.0142922137;0.9964266704;-0.0832443580
Job_20250821_1307_Track01_Sphere_00727.jpg;400358.790186;388160.961;5819562.448;35.991;152.4631027997;91.3396784300;-53.5768591321;0.0903591812;0.1011293315;0.9907613621;0.9956659601;0.0128145965;-0.0921145050;-0.0220116854;0.9947907541;-0.0995331165
Job_20250821_1307_Track01_Sphere_00728.jpg;400359.127492;388157.953;5819562.662;36.031;134.4941119266;91.4967625352;-35.5470806373;0.1129454339;0.0705552352;0.9910929763;0.9933910307;0.0124961665;-0.1140969149;-0.0204349975;0.9974295988;-0.0686775529
Job_20250821_1307_Track01_Sphere_00729.jpg;400359.463040;388155.005;5819562.949;35.971;137.1607083613;89.4207462888;-38.3359191242;0.1363188127;0.0936974769;0.9862240943;0.9903566537;0.0119479660;-0.1380251591;-0.0247159810;0.9955290196;-0.0911651871
Job_20250821_1307_Track01_Sphere_00730.jpg;400359.787500;388152.084;5819563.300;35.990;130.1678653256;88.6374523005;-31.1850877560;0.1566583497;0.0835303726;0.9841142405;0.9873993818;0.0093272167;-0.1579729844;-0.0223745890;0.9964615797;-0.0810166519
Job_20250821_1307_Track01_Sphere_00731.jpg;400360.119404;388149.087;5819563.704;35.983;126.4992569375;87.3635827489;-27.0101653793;0.1797080521;0.0811758447;0.9803649822;0.9836016141;0.0006324836;-0.1803537210;-0.0152604304;0.9966995948;-0.0797310295
Job_20250821_1307_Track01_Sphere_00732.jpg;400360.447251;388146.153;5819564.199;35.962;124.7500986508;85.9856010220;-25.8275617251;0.2006387077;0.0861796450;0.9758673976;0.9793378133;0.0081105022;-0.2020684715;-0.0253289638;0.9962466003;-0.0827717044
Job_20250821_1307_Track01_Sphere_00733.jpg;400360.775155;388143.232;5819564.746;35.953;122.2570075689;84.6893197666;-23.0897474592;0.2226925174;0.0845074482;0.9712190968;0.9746337110;0.0034867295;-0.2237788466;-0.0222973576;0.9964167471;-0.0815873393
Job_20250821_1307_Track01_Sphere_00734.jpg;400361.110590;388140.245;5819565.369;35.941;120.7613787549;83.1203440386;-21.5128529400;0.2472290910;0.0868767506;0.9650545097;0.9686988861;0.0008290680;-0.2482373476;-0.0223661500;0.9962187224;-0.0839524418
Job_20250821_1307_Track01_Sphere_00735.jpg;400361.435937;388137.348;5819566.058;35.937;118.1875467776;81.3898966231;-18.8190036486;0.2756812927;0.0839534227;0.9575759227;0.9610118332;-0.0019393754;-0.2765004435;-0.0213560594;0.9964677926;-0.0812148821
Job_20250821_1307_Track01_Sphere_00736.jpg;400361.755764;388134.518;5819566.809;35.931;117.5340812719;79.3897787317;-17.5905392643;0.3060520395;0.0867856754;0.9480508402;0.9519046765;-0.0127512035;-0.3061288841;-0.0144788128;0.9961453977;-0.0865142221
Job_20250821_1307_Track01_Sphere_00737.jpg;400362.088664;388131.599;5819567.700;35.938;115.4916625134;76.9829369853;-15.2437889578;0.3436333500;0.0838921217;0.9353492571;0.9390366317;-0.0187748772;-0.3433041047;-0.0112394423;0.9962979554;-0.0852294493
Job_20250821_1307_Track01_Sphere_00738.jpg;400362.407044;388128.850;5819568.667;35.943;113.9101855913;74.4356614530;-13.6084807018;0.3819621396;0.0829155841;0.9204509383;0.9240986014;-0.0212132390;-0.3815649007;-0.0121119309;0.9963307706;-0.0847248295
Job_20250821_1307_Track01_Sphere_00739.jpg;400362.736833;388126.062;5819569.778;35.943;113.5410355413;71.7144300445;-12.8114409716;0.4211593840;0.0859177890;0.9029080279;0.9069456578;-0.0304301644;-0.4201470919;-0.0086224695;0.9958374057;-0.0907387150
Job_20250821_1307_Track01_Sphere_00740.jpg;400363.071949;388123.285;5819571.035;35.964;112.1090972356;69.0595848433;-11.4637321354;0.4595497802;0.0836581853;0.8842032049;0.8880788237;-0.0305023993;-0.4586781077;-0.0114018589;0.9960275657;-0.0883124337
Job_20250821_1307_Track01_Sphere_00741.jpg;400363.395835;388120.669;5819572.344;35.982;110.8361900995;66.6312618509;-9.9030754516;0.4944384200;0.0775398778;0.8657472011;0.8691775710;-0.0351560746;-0.4932488221;-0.0078101802;0.9963692176;-0.0847784366
Job_20250821_1307_Track01_Sphere_00742.jpg;400363.731126;388118.051;5819573.798;35.978;110.4236063559;64.6695630293;-9.8227389361;0.5206573997;0.0809785910;0.8499166665;0.8536385346;-0.0321951440;-0.5198699116;-0.0147351435;0.9961957340;-0.0858890857
Job_20250821_1307_Track01_Sphere_00743.jpg;400364.072743;388115.437;5819575.343;35.992;110.4561575217;63.4185068804;-10.2495744412;0.5364874510;0.0871285703;0.8393984913;0.8436036163;-0.0286437883;-0.5362018947;-0.0226749517;0.9957851905;-0.0888690099
Job_20250821_1307_Track01_Sphere_00744.jpg;400364.407237;388112.919;5819576.876;36.005;110.2261558558;62.4394808790;-9.9515128065;0.5495768125;0.0866153903;0.8309410938;0.8351429525;-0.0302946990;-0.5491980335;-0.0223958917;0.9957811031;-0.0889854969
Job_20250821_1307_Track01_Sphere_00745.jpg;400364.750334;388110.384;5819578.470;36.020;109.5722242206;61.7311681892;-9.3541258590;0.5594766808;0.0828030516;0.8246996413;0.8285392774;-0.0288013469;-0.5591897247;-0.0225501552;0.9961496560;-0.0847192625
Job_20250821_1307_Track01_Sphere_00746.jpg;400365.106741;388107.808;5819580.123;36.032;109.2347249679;61.2004557819;-8.6485696663;0.5671521372;0.0775259374;0.8199562076;0.8234461779;-0.0333351189;-0.5664143024;-0.0165784621;0.9964328873;-0.0827445208
Job_20250821_1307_Track01_Sphere_00747.jpg;400365.461706;388105.303;5819581.725;36.040;108.8187926382;61.0196850441;-7.5327963559;0.5707334454;0.0678489131;0.8183274768;0.8211218770;-0.0414398238;-0.5692465231;-0.0047114115;0.9968346232;-0.0793633203
Job_20250821_1307_Track01_Sphere_00748.jpg;400365.842076;388102.735;5819583.400;36.033;108.2755155997;60.9408309580;-6.7761729676;0.5725069387;0.0611687450;0.8176149398;0.8198998740;-0.0427623704;-0.5709076775;0.0000414468;0.9972109929;-0.0746340001
Job_20250821_1307_Track01_Sphere_00749.jpg;400366.248399;388100.150;5819585.084;36.020;107.8886364506;60.9395522721;-5.6629076084;0.5735053733;0.0511498576;0.8176033751;0.8191064273;-0.0510335974;-0.5713669859;0.0124999015;0.9973862161;-0.0711652194
Job_20250821_1307_Track01_Sphere_00750.jpg;400366.707089;388097.527;5819586.813;36.000;107.9884535051;60.9249410626;-6.0263276366;0.5733908315;0.0544406478;0.8174712045;0.8192421862;-0.0479330975;-0.5714408617;0.0080743163;0.9973658476;-0.0720844739
Job_20250821_1307_Track01_Sphere_00751.jpg;400367.250267;388094.842;5819588.588;35.980;108.3522777228;60.8843408043;-6.5645900323;0.5734285004;0.0593403184;0.8171037153;0.8192444427;-0.0467416403;-0.5715363175;0.0042776209;0.9971428913;-0.0754172148
Job_20250821_1307_Track01_Sphere_00752.jpg;400367.983144;388091.947;5819590.504;35.975;108.4675171778;60.8978064001;-6.9926303017;0.5728447562;0.0631755283;0.8172256346;0.8196633610;-0.0430240212;-0.5712275450;-0.0009272689;0.9970746142;-0.0764287508
Job_20250821_1307_Track01_Sphere_00753.jpg;400369.784279;388088.232;5819592.946;35.967;108.7690620284;60.9369900007;-7.2111487122;0.5721246505;0.0650845635;0.8175802003;0.8201665742;-0.0448928860;-0.5703607799;-0.0004181477;0.9968694139;-0.0790645102
Job_20250821_1307_Track01_Sphere_00754.jpg;400394.205737;388086.959;5819593.777;35.947;109.2677744828;60.9831623757;-7.6036643528;0.5711235962;0.0685401351;0.8179976087;0.8208640764;-0.0475937803;-0.5691370662;-0.0000771330;0.9965124595;-0.0834440656
Job_20250821_1307_Track01_Sphere_00755.jpg;400395.887929;388085.839;5819594.504;35.941;109.8495821736;60.9775083128;-7.9630032898;0.5707997062;0.0717717867;0.8179465178;0.8210873733;-0.0520710626;-0.5684224924;0.0017946465;0.9960609495;-0.0886530550
Job_20250821_1307_Track01_Sphere_00756.jpg;400396.885618;388083.810;5819595.825;35.932;109.4133828669;61.1115992687;-7.3705489064;0.5697303357;0.0662575840;0.8191564424;0.8218124950;-0.0527459492;-0.5673112795;0.0056185094;0.9964074455;-0.0845022778
Job_20250821_1307_Track01_Sphere_00757.jpg;400397.629081;388081.591;5819597.271;35.910;110.0373580958;61.1680942938;-7.8518913108;0.5684914488;0.0704738691;0.8196651185;0.8226656389;-0.0562329617;-0.5657376606;0.0062224754;0.9959273507;-0.0899443884
Job_20250821_1307_Track01_Sphere_00758.jpg;400398.238823;388079.263;5819598.791;35.898;110.2343300521;61.2547913422;-8.2435312304;0.5669397194;0.0738255896;0.8204444752;0.8237546393;-0.0541529001;-0.5643542838;0.0027656599;0.9957998020;-0.0915156019
Job_20250821_1307_Track01_Sphere_00759.jpg;400398.776576;388076.859;5819600.363;35.890;110.7267796437;61.3234688739;-8.8259000280;0.5653637439;0.0788863368;0.8210607669;0.8248416933;-0.0542325046;-0.5627566228;0.0001343733;0.9954073444;-0.0957298314
Job_20250821_1307_Track01_Sphere_00760.jpg;400399.269673;388074.417;5819601.946;35.891;110.5910090451;61.6602695383;-8.7649364078;0.5611284560;0.0777476453;0.8240692686;0.8277287141;-0.0524921522;-0.5586678349;-0.0001779391;0.9955902157;-0.0938087988
Job_20250821_1307_Track01_Sphere_00761.jpg;400399.728269;388071.955;5819603.497;35.898;111.1785052509;63.3185048903;-9.7918498230;0.5384023474;0.0834709535;0.8385436853;0.8426658877;-0.0461352545;-0.5364566524;-0.0060921219;0.9954416800;-0.0951774545
Job_20250821_1307_Track01_Sphere_00762.jpg;400400.164418;388069.399;5819604.978;35.911;111.2948223474;65.9536327937;-10.0966761801;0.5032716708;0.0804940242;0.8603710464;0.8641106507;-0.0405253453;-0.5016676986;-0.0055144181;0.9959309255;-0.0899510019
Job_20250821_1307_Track01_Sphere_00763.jpg;400400.582872;388066.785;5819606.351;35.910;111.9039031538;68.5342771162;-10.5596745116;0.4678715371;0.0783259633;0.8803188446;0.8837960944;-0.0405298009;-0.4661135042;-0.0008296417;0.9961035984;-0.0881869207
Job_20250821_1307_Track01_Sphere_00764.jpg;400400.994965;388064.088;5819607.649;35.902;112.4858669024;71.1435800202;-12.0115425152;0.4301411641;0.0821346449;0.8990175076;0.9026834833;-0.0260277066;-0.4295172726;-0.0118788847;0.9962813150;-0.0853371754
Job_20250821_1307_Track01_Sphere_00765.jpg;400401.399028;388061.333;5819608.830;35.887;113.3396384717;73.1469542905;-12.9116139670;0.4010179267;0.0824663504;0.9123507678;0.9160025326;-0.0239921483;-0.4004544134;-0.0111347590;0.9963050125;-0.0851606674
Job_20250821_1307_Track01_Sphere_00766.jpg;400401.787979;388058.587;5819609.909;35.876;114.8781009341;74.6484357093;-13.9340756299;0.3785279728;0.0841995567;0.9217521405;0.9255854321;-0.0313564517;-0.3772378307;-0.0028603816;0.9959554245;-0.0898031771
Job_20250821_1307_Track01_Sphere_00767.jpg;400402.168194;388055.794;5819610.944;35.876;115.8892758542;76.4916152193;-15.1809124188;0.3507201744;0.0852552968;0.9325914934;0.9364666748;-0.0265557551;-0.3497498519;-0.0050523561;0.9960051838;-0.0891523834
Job_20250821_1307_Track01_Sphere_00768.jpg;400402.546044;388052.953;5819611.890;35.884;117.6879275883;78.5099850011;-17.3066526783;0.3190270127;0.0889298325;0.9435641208;0.9477036284;-0.0205618034;-0.3184886889;-0.0089217658;0.9958256359;-0.0908388957
Job_20250821_1307_Track01_Sphere_00769.jpg;400402.929851;388050.046;5819612.743;35.896;119.6388633173;80.9738424483;-19.3159707496;0.2809838630;0.0879708534;0.9556721183;0.9596810227;-0.0176910623;-0.2805340640;-0.0077719660;0.9959659408;-0.0893948616
Job_20250821_1307_Track01_Sphere_00770.jpg;400403.316527;388047.116;5819613.457;35.919;122.2316566277;83.8462480406;-21.5940717407;0.2367251976;0.0835251187;0.9679797185;0.9715765953;-0.0200260914;-0.2358768221;-0.0003167892;0.9963044265;-0.0858917309
Job_20250821_1307_Track01_Sphere_00771.jpg;400403.709175;388044.156;5819614.032;35.919;126.8987727747;87.1171107059;-26.5123354837;0.1838071219;0.0813028586;0.9795941951;0.9829610562;-0.0135987418;-0.1833102187;-0.0015823962;0.9965966684;-0.0824170894
Job_20250821_1307_Track01_Sphere_00772.jpg;400404.115228;388041.126;5819614.447;35.915;135.5877638254;90.4126482511;-35.2584923192;0.1276015423;0.0789087829;0.9886815718;0.9918255098;-0.0102189941;-0.1271917065;0.0000667884;0.9968294619;-0.0795677032
Job_20250821_1307_Track01_Sphere_00773.jpg;400404.526655;388038.133;5819614.677;35.903;155.0672943690;93.1108785386;-54.7388336942;0.0704786517;0.0818376745;0.9941505694;0.9975107408;-0.0080344226;-0.0700554783;0.0022542484;0.9966132866;-0.0822002146
Job_20250821_1307_Track01_Sphere_00774.jpg;400404.962706;388035.063;5819614.735;35.905;189.3999714501;94.6359331116;-89.0080046624;0.0144589399;0.0829075379;0.9964523467;0.9998800284;-0.0067361942;-0.0139482073;0.0055558850;0.9965344770;-0.0829949896
Job_20250821_1307_Track01_Sphere_00775.jpg;400405.415880;388032.012;5819614.633;35.908;-174.3460503692;94.2587277571;-125.4051951130;-0.0349939300;0.0829849278;0.9959362061;0.9993731514;-0.0024390057;0.0353179195;0.0053599491;0.9965478177;-0.0828475584
Job_20250821_1307_Track01_Sphere_00776.jpg;400405.907109;388028.932;5819614.379;35.912;-151.1235356067;92.3928590586;-148.8576057994;-0.0827670559;0.0857921222;0.9928692392;0.9965614522;0.0032679483;0.0827924665;0.0038582961;0.9963076996;-0.0857676003
Job_20250821_1307_Track01_Sphere_00777.jpg;400406.433283;388025.870;5819613.981;35.920;-138.3315754290;90.1367251037;-161.7825848593;-0.1273322183;0.0871720677;0.9880220325;0.9918528269;0.0073697062;0.1271756945;0.0038047361;0.9961660093;-0.0874002628
Job_20250821_1307_Track01_Sphere_00778.jpg;400406.967740;388022.918;5819613.461;35.932;-129.6594590466;87.7399356431;-170.6356952567;-0.1713910590;0.0851832136;0.9815135888;0.9851990982;0.0119871233;0.1709942858;0.0028003184;0.9962931943;-0.0859769110
Job_20250821_1307_Track01_Sphere_00779.jpg;400407.516973;388019.967;5819612.796;35.937;-124.6017447542;85.0691098447;-175.4717803250;-0.2153531827;0.0873381607;0.9726227698;0.9765000404;0.0106852502;0.2152521697;0.0084070110;0.9961214138;-0.0875868201
Job_20250821_1307_Track01_Sphere_00780.jpg;400408.086277;388017.000;5819611.990;35.946;-119.6491579531;82.4602283085;-180.3739340158;-0.2592163195;0.0825443633;0.9622854710;0.9657616260;0.0112655110;0.2591863614;0.0105537356;0.9965237159;-0.0826383828
Job_20250821_1307_Track01_Sphere_00781.jpg;400408.671257;388014.122;5819611.067;35.943;-117.0698673803;79.8892667888;-182.9945626453;-0.2996528098;0.0820032418;0.9505175758;0.9539773999;0.0136065079;0.2995696638;0.0116324587;0.9965391770;-0.0823064677
Job_20250821_1307_Track01_Sphere_00782.jpg;400409.308282;388011.221;5819610.015;35.943;-115.6029863887;77.8894709130;-184.4666475414;-0.3302891801;0.0822279979;0.9402912389;0.9437907418;0.0150873795;0.3301990409;0.0129650753;0.9964993363;-0.0825892213
Job_20250821_1307_Track01_Sphere_00783.jpg;400409.988780;388008.357;5819608.883;35.944;-115.0897836270;75.8926859824;-185.3217350863;-0.3599083022;0.0844849101;0.9291546233;0.9329369296;0.0222015633;0.3593546660;0.0097313615;0.9961773891;-0.0868096196
Job_20250821_1307_Track01_Sphere_00784.jpg;400410.730531;388005.488;5819607.637;35.961;-112.8821687008;73.8984953479;-187.5593442935;-0.3910238105;0.0774006162;0.9171202343;0.9203325135;0.0227001140;0.3904776169;0.0094044743;0.9967416162;-0.0801105887
Job_20250821_1307_Track01_Sphere_00785.jpg;400411.637629;388002.530;5819606.218;35.965;-112.3031739050;71.4804108872;-188.3599294969;-0.4259297472;0.0787573731;0.9013218774;0.9047188957;0.0280239240;0.4250863200;0.0082201061;0.9964998424;-0.0831895065
Job_20250821_1307_Track01_Sphere_00786.jpg;400412.654259;387999.775;5819604.778;35.972;-111.7634360343;69.1070407005;-189.4197345096;-0.4600162938;0.0771638908;0.8845511536;0.8879074035;0.0373577574;0.4585028253;0.0023350146;0.9963182885;-0.0856995670
Job_20250821_1307_Track01_Sphere_00787.jpg;400413.802180;387997.034;5819603.189;35.984;-110.5596280520;66.2835068988;-190.6366873810;-0.4997487630;0.0740369637;0.8630004067;0.8661629867;0.0385921512;0.4982693312;0.0035853062;0.9965084916;-0.0834144575
Job_20250821_1307_Track01_Sphere_00788.jpg;400415.299074;387994.217;5819601.361;35.990;-110.1476126022;62.8764513485;-191.1602733803;-0.5453440224;0.0762136965;0.8347403008;0.8381946987;0.0431261338;0.5436632999;0.0054354678;0.9961584257;-0.0874004957
Job_20250821_1307_Track01_Sphere_00789.jpg;400424.768031;387990.457;5819598.462;36.007;-108.7560787200;55.0327854077;-193.1427709493;-0.6452947858;0.0697767647;0.7607403253;0.7639285618;0.0553013271;0.6429268355;0.0027914050;0.9960285971;-0.0889901215
Job_20250821_1307_Track01_Sphere_00790.jpg;400426.425916;387989.192;5819597.289;36.007;-108.7439104721;52.4394045252;-193.3960711651;-0.6758466883;0.0703610254;0.7336760730;0.7370374335;0.0609261083;0.6731001641;0.0026599899;0.9956592466;-0.0930354181
Job_20250821_1307_Track01_Sphere_00791.jpg;400427.468074;387987.489;5819595.548;36.011;-108.2377122366;49.1883925690;-194.0483162932;-0.7129367892;0.0668464889;0.6980348713;0.7012223351;0.0638547289;0.7100773271;0.0028933487;0.9957178920;-0.0923986364
Job_20250821_1307_Track01_Sphere_00792.jpg;400428.237032;387985.713;5819593.593;36.008;-108.2850682471;47.2870757414;-194.4415831603;-0.7337828908;0.0642309168;0.6763409337;0.6793833379;0.0708016155;0.7303597821;-0.0009743523;0.9954202733;-0.0955904288
Job_20250821_1307_Track01_Sphere_00793.jpg;400428.852298;387983.928;5819591.516;36.011;-108.1157470995;45.6322972767;-194.7975753708;-0.7514022209;0.0615412635;0.6569683214;0.6598405142;0.0735203527;0.7478002765;-0.0022799688;0.9953931036;-0.0958507752
Job_20250821_1307_Track01_Sphere_00794.jpg;400429.410053;387982.087;5819589.292;36.021;-107.6627688226;45.0838630059;-195.1464019478;-0.7573433822;0.0578520985;0.6504491803;0.6530129310;0.0705433936;0.7540542033;-0.0022612745;0.9958296864;-0.0912037407
Job_20250821_1307_Track01_Sphere_00795.jpg;400429.927108;387980.223;5819587.024;36.018;-107.6401329410;44.8903058684;-195.2279666128;-0.7593854426;0.0570295699;0.6481368511;0.6506339795;0.0711978232;0.7560464898;-0.0030289268;0.9958305569;-0.0911719665
Job_20250821_1307_Track01_Sphere_00796.jpg;400430.395439;387978.398;5819584.767;36.014;-107.8160948292;44.4511008919;-195.2341365285;-0.7638318409;0.0572890477;0.6428677032;0.6454011141;0.0744042064;0.7602114285;-0.0042802725;0.9955812268;-0.0938067172
Job_20250821_1307_Track01_Sphere_00797.jpg;400430.837567;387976.565;5819582.468;36.015;-107.6415169597;43.9157120500;-195.5894343224;-0.7695060512;0.0533976125;0.6364032780;0.6385978483;0.0757189722;0.7658063889;-0.0072955693;0.9956984143;-0.0923658078
Job_20250821_1307_Track01_Sphere_00798.jpg;400431.259454;387974.742;5819580.149;36.034;-107.1118166635;43.6714373252;-195.6162882642;-0.7719589656;0.0532406386;0.6334388604;0.6356689864;0.0679038042;0.7689694488;-0.0020724838;0.9962702986;-0.0862623732
Job_20250821_1307_Track01_Sphere_00799.jpg;400431.676127;387972.894;5819577.811;36.034;-106.9778002237;43.5346683920;-196.7297492253;-0.7741293129;0.0398012474;0.6317750134;0.6327721256;0.0769987013;0.7705002512;-0.0179789844;0.9962364482;-0.0847920716
Job_20250821_1307_Track01_Sphere_00800.jpg;400432.088171;387971.021;5819575.445;36.023;-106.8490108302;43.8501804060;-197.1518440921;-0.7712387142;0.0345272785;0.6356089307;0.6361040773;0.0790066552;0.7675477518;-0.0237160007;0.9962759735;-0.0828959338
Job_20250821_1307_Track01_Sphere_00801.jpg;400432.475082;387969.213;5819573.163;36.002;-106.9918653430;44.4964986318;-197.2116358518;-0.7647844347;0.0335186291;0.6434137627;0.6437230421;0.0814997176;0.7609063287;-0.0269335029;0.9961095811;-0.0839064293
Job_20250821_1307_Track01_Sphere_00802.jpg;400432.854444;387967.342;5819570.872;35.988;-107.0092014153;45.6486497638;-197.2370624124;-0.7530396464;0.0327025477;0.6571619544;0.6573350533;0.0814351884;0.7491855162;-0.0290158325;0.9961419846;-0.0828204565
Job_20250821_1307_Track01_Sphere_00803.jpg;400433.224098;387965.428;5819568.610;35.971;-107.3514089552;46.8806469371;-196.7904668181;-0.7399501930;0.0373363966;0.6716246760;0.6721103901;0.0814524399;0.7359572838;-0.0272274755;0.9959776571;-0.0853649287
Job_20250821_1307_Track01_Sphere_00804.jpg;400433.584570;387963.473;5819566.370;35.960;-106.9014368374;48.2875594789;-196.6160670890;-0.7248439184;0.0385651844;0.6878328435;0.6885776325;0.0717126888;0.7216080199;-0.0214973963;0.9966794955;-0.0785356297
Job_20250821_1307_Track01_Sphere_00805.jpg;400433.938388;387961.464;5819564.185;35.939;-107.4957137208;49.8021470139;-195.8610695242;-0.7078024333;0.0460821318;0.7049057757;0.7061782107;0.0717428525;0.7043900183;-0.0181121574;0.9963580683;-0.0833219630
Job_20250821_1307_Track01_Sphere_00806.jpg;400434.287183;387959.397;5819562.040;35.927;-107.7645335365;51.4978092623;-195.3175592098;-0.6884098395;0.0507251553;0.7235460258;0.7251698651;0.0685588826;0.6851484119;-0.0148512475;0.9963566822;-0.0839809634
Job_20250821_1307_Track01_Sphere_00807.jpg;400434.631532;387957.279;5819559.953;35.921;-108.6024161490;53.4404868453;-194.2633425794;-0.6651690615;0.0601019497;0.7442700284;0.7466162770;0.0678032141;0.6617906460;-0.0106889920;0.9958867806;-0.0899736942
Job_20250821_1307_Track01_Sphere_00808.jpg;400434.972479;387955.065;5819557.940;35.927;-108.6668527588;55.7481168051;-194.3115970455;-0.6379125381;0.0571517231;0.7679852045;0.7699547210;0.0672804468;0.6345416213;-0.0154052406;0.9960958900;-0.0869232796
Job_20250821_1307_Track01_Sphere_00809.jpg;400435.308519;387952.803;5819556.015;35.933;-109.0465049337;58.1122328791;-193.6190439001;-0.6084439107;0.0611904955;0.7912343084;0.7934993694;0.0625374961;0.6053493308;-0.0124401870;0.9961650390;-0.0866051783
Job_20250821_1307_Track01_Sphere_00810.jpg;400435.648517;387950.438;5819554.159;35.930;-109.6374088952;60.5865871567;-193.0633796978;-0.5768646688;0.0631052093;0.8143984814;0.8167094750;0.0623635165;0.5736692647;-0.0145872341;0.9960564865;-0.0875139317
Job_20250821_1307_Track01_Sphere_00811.jpg;400435.991114;387947.996;5819552.400;35.937;-109.9625648559;62.9815413269;-192.8956982314;-0.5458486167;0.0611676141;0.8356481381;0.8376585720;0.0629614104;0.5425532025;-0.0194269004;0.9961397411;-0.0856049750
Job_20250821_1307_Track01_Sphere_00812.jpg;400436.337370;387945.500;5819550.728;35.946;-110.5452732100;65.4708376361;-192.0205391441;-0.5121289160;0.0645290704;0.8564811571;0.8587440061;0.0579889351;0.5091129692;-0.0168138436;0.9962295330;-0.0851117629
Job_20250821_1307_Track01_Sphere_00813.jpg;400436.688410;387942.929;5819549.163;35.949;-111.0418418259;67.9612441556;-191.5072308012;-0.4780018712;0.0641484072;0.8760132379;0.8781571087;0.0562739332;0.4750508782;-0.0188229532;0.9963524609;-0.0832314252
Job_20250821_1307_Track01_Sphere_00814.jpg;400437.050465;387940.264;5819547.670;35.950;-112.6514522031;70.7857919810;-189.5296250076;-0.4369808544;0.0725245911;0.8965422001;0.8993602188;0.0508591111;0.4342401959;-0.0141042467;0.9960690410;-0.0874501899
Job_20250821_1307_Track01_Sphere_00815.jpg;400437.406809;387937.606;5819546.354;35.963;-114.7978403546;73.9562401888;-187.1239385773;-0.3896702196;0.0799059878;0.9174814184;0.9208818887;0.0463132258;0.3870809116;-0.0115614415;0.9957259253;-0.0916308618
Job_20250821_1307_Track01_Sphere_00816.jpg;400437.770213;387934.856;5819545.173;35.981;-116.4583500298;77.1804286370;-185.5791910156;-0.3418599486;0.0787909139;0.9364420790;0.9396118498;0.0458002103;0.3391635483;-0.0161662382;0.9958385073;-0.0896901339
Job_20250821_1307_Track01_Sphere_00817.jpg;400438.142546;387932.000;5819544.111;35.994;-119.6575994839;80.3609290910;-182.1908846497;-0.2918171210;0.0838326928;0.9527931819;0.9563526565;0.0414496793;0.2892602990;-0.0152435020;0.9956173983;-0.0922693445
Job_20250821_1307_Track01_Sphere_00818.jpg;400438.502160;387929.190;5819543.233;36.011;-123.2702276875;83.8913564948;-178.2225396954;-0.2358374154;0.0839766009;0.9681573446;0.9717092259;0.0334220333;0.2338036527;-0.0127237509;0.9959070731;-0.0894830038
Job_20250821_1307_Track01_Sphere_00819.jpg;400438.867369;387926.286;5819542.519;36.021;-128.5858198984;87.1130470289;-172.9084460044;-0.1831167553;0.0829976243;0.9795813638;0.9829705963;0.0310634433;0.1811183846;-0.0153967745;0.9960654882;-0.0872724612
Job_20250821_1307_Track01_Sphere_00820.jpg;400439.229648;387923.365;5819541.954;36.030;-138.5825829429;89.5632710623;-162.6598554389;-0.1359284079;0.0903315825;0.9865919486;0.9906313360;0.0256143543;0.1341397073;-0.0131538636;0.9955822970;-0.0929670147
Job_20250821_1307_Track01_Sphere_00821.jpg;400439.587642;387920.402;5819541.526;36.035;-141.0300427698;92.1845042438;-160.5375513281;-0.0996743371;0.0711395533;0.9924737732;0.9947997344;0.0281163921;0.0978925783;-0.0209407475;0.9970700238;-0.0735720915
Job_20250821_1307_Track01_Sphere_00822.jpg;400439.939611;387917.463;5819541.183;36.010;-153.9461771271;92.8832177436;-147.5900717507;-0.0758411131;0.0818119316;0.9937579853;0.9968998432;0.0271591569;0.0738449922;-0.0209482275;0.9962776661;-0.0836180825
Job_20250821_1307_Track01_Sphere_00823.jpg;400440.287298;387914.491;5819540.905;36.003;-160.0734840762;93.2450406015;-141.7697296148;-0.0646084404;0.0839177136;0.9943759685;0.9975674529;0.0315642696;0.0621520210;-0.0261710957;0.9959726473;-0.0857528980
Job_20250821_1307_Track01_Sphere_00824.jpg;400440.630592;387911.519;5819540.650;35.998;-164.3580891764;93.3772107127;-137.4859429233;-0.0576730076;0.0863550273;0.9945937027;0.9979859348;0.0313495373;0.0551478057;-0.0264177621;0.9957710659;-0.0879891247
Job_20250821_1307_Track01_Sphere_00825.jpg;400440.968331;387908.565;5819540.409;36.007;-167.5094605718;93.4186355532;-134.2194323182;-0.0528367812;0.0886433572;0.9946610628;0.9982959380;0.0293942961;0.0504102723;-0.0247688260;0.9956296152;-0.0900454035
Job_20250821_1307_Track01_Sphere_00826.jpg;400441.304451;387905.587;5819540.181;36.020;-168.6861230536;93.6455394241;-133.1341129137;-0.0495546804;0.0864549018;0.9950225543;0.9984222699;0.0306277859;0.0470628269;-0.0264065256;0.9957848606;-0.0878362494
Job_20250821_1307_Track01_Sphere_00827.jpg;400441.636638;387902.619;5819539.963;36.024;-170.3740805461;93.8118999887;-131.2854961217;-0.0457965111;0.0855644551;0.9952795605;0.9986606407;0.0279332191;0.0435506607;-0.0240749735;0.9959409919;-0.0867290975
Job_20250821_1307_Track01_Sphere_00828.jpg;400441.964795;387899.650;5819539.756;36.026;-172.2453435289;93.6686254419;-129.5216587790;-0.0444103348;0.0888034582;0.9950586254;0.9986814866;0.0296187622;0.0419287161;-0.0257489898;0.9956086956;-0.0900017488
Job_20250821_1307_Track01_Sphere_00829.jpg;400442.287685;387896.675;5819539.549;36.032;-168.2158569330;93.7567622647;-133.6410698196;-0.0493650272;0.0845561481;0.9951951326;0.9984147751;0.0311510857;0.0468779993;-0.0270375858;0.9959316581;-0.0859598818
Job_20250821_1307_Track01_Sphere_00830.jpg;400442.606638;387893.705;5819539.329;36.030;-164.9824218059;93.6282972917;-137.0808773937;-0.0549641143;0.0834436571;0.9949955288;0.9980358103;0.0345892059;0.0522312945;-0.0300577350;0.9959120157;-0.0851809230
Job_20250821_1307_Track01_Sphere_00831.jpg;400442.922471;387890.733;5819539.088;36.028;-161.1019004726;93.6150019951;-141.0373512183;-0.0601653944;0.0800349406;0.9949746397;0.9977030845;0.0359014572;0.0574424979;-0.0311236326;0.9961453175;-0.0820111325
